week,graphical_appearance_name,sales_count
2018-09-17,All over pattern,13505
2018-09-17,Application/3D,504
2018-09-17,Argyle,8
2018-09-17,Chambray,155
2018-09-17,Check,4326
2018-09-17,Colour blocking,2550
2018-09-17,Contrast,986
2018-09-17,Denim,13037
2018-09-17,Dot,652
2018-09-17,Embroidery,899
2018-09-17,Front print,3037
2018-09-17,Glittering/Metallic,437
2018-09-17,Jacquard,578
2018-09-17,Lace,3751
2018-09-17,Melange,17994
2018-09-17,Mesh,3
2018-09-17,Metallic,178
2018-09-17,Mixed solid/pattern,337
2018-09-17,Neps,217
2018-09-17,Other pattern,350
2018-09-17,Other structure,1879
2018-09-17,Placement print,3646
2018-09-17,Sequin,192
2018-09-17,Slub,30
2018-09-17,Solid,85907
2018-09-17,Stripe,8714
2018-09-17,Transparent,72
2018-09-17,Treatment,1807
2018-09-17,Unknown,56
2018-09-24,All over pattern,33835
2018-09-24,Application/3D,1786
2018-09-24,Argyle,37
2018-09-24,Chambray,485
2018-09-24,Check,13323
2018-09-24,Colour blocking,7478
2018-09-24,Contrast,2421
2018-09-24,Denim,25517
2018-09-24,Dot,1958
2018-09-24,Embroidery,2154
2018-09-24,Front print,8413
2018-09-24,Glittering/Metallic,1537
2018-09-24,Jacquard,1843
2018-09-24,Lace,8267
2018-09-24,Melange,48300
2018-09-24,Mesh,45
2018-09-24,Metallic,634
2018-09-24,Mixed solid/pattern,892
2018-09-24,Neps,543
2018-09-24,Other pattern,1149
2018-09-24,Other structure,5945
2018-09-24,Placement print,10489
2018-09-24,Sequin,952
2018-09-24,Slub,148
2018-09-24,Solid,226026
2018-09-24,Stripe,20309
2018-09-24,Transparent,276
2018-09-24,Treatment,4066
2018-09-24,Unknown,141
2018-10-01,All over pattern,21579
2018-10-01,Application/3D,1186
2018-10-01,Argyle,15
2018-10-01,Chambray,268
2018-10-01,Check,7897
2018-10-01,Colour blocking,4393
2018-10-01,Contrast,1431
2018-10-01,Denim,15663
2018-10-01,Dot,1040
2018-10-01,Embroidery,1527
2018-10-01,Front print,5432
2018-10-01,Glittering/Metallic,1002
2018-10-01,Jacquard,1150
2018-10-01,Lace,4892
2018-10-01,Melange,28287
2018-10-01,Mesh,114
2018-10-01,Metallic,434
2018-10-01,Mixed solid/pattern,521
2018-10-01,Neps,354
2018-10-01,Other pattern,583
2018-10-01,Other structure,3483
2018-10-01,Placement print,6208
2018-10-01,Sequin,544
2018-10-01,Slub,73
2018-10-01,Solid,135448
2018-10-01,Stripe,11902
2018-10-01,Transparent,135
2018-10-01,Treatment,2597
2018-10-01,Unknown,85
2018-10-08,All over pattern,27423
2018-10-08,Application/3D,1601
2018-10-08,Argyle,38
2018-10-08,Chambray,340
2018-10-08,Check,10434
2018-10-08,Colour blocking,5039
2018-10-08,Contrast,1916
2018-10-08,Denim,19269
2018-10-08,Dot,1306
2018-10-08,Embroidery,1829
2018-10-08,Front print,5341
2018-10-08,Glittering/Metallic,1789
2018-10-08,Jacquard,1541
2018-10-08,Lace,7010
2018-10-08,Melange,33002
2018-10-08,Mesh,312
2018-10-08,Metallic,638
2018-10-08,Mixed solid/pattern,640
2018-10-08,Neps,469
2018-10-08,Other pattern,619
2018-10-08,Other structure,4092
2018-10-08,Placement print,6333
2018-10-08,Sequin,610
2018-10-08,Slub,91
2018-10-08,Solid,181475
2018-10-08,Stripe,15595
2018-10-08,Transparent,164
2018-10-08,Treatment,3313
2018-10-08,Unknown,109
2018-10-15,All over pattern,27773
2018-10-15,Application/3D,2231
2018-10-15,Argyle,14
2018-10-15,Chambray,282
2018-10-15,Check,7867
2018-10-15,Colour blocking,3987
2018-10-15,Contrast,1656
2018-10-15,Denim,19509
2018-10-15,Dot,1336
2018-10-15,Embroidery,2581
2018-10-15,Front print,5791
2018-10-15,Glittering/Metallic,2111
2018-10-15,Jacquard,2290
2018-10-15,Lace,7770
2018-10-15,Melange,26844
2018-10-15,Mesh,331
2018-10-15,Metallic,549
2018-10-15,Mixed solid/pattern,582
2018-10-15,Neps,334
2018-10-15,Other pattern,481
2018-10-15,Other structure,3176
2018-10-15,Placement print,5236
2018-10-15,Sequin,506
2018-10-15,Slub,68
2018-10-15,Solid,163067
2018-10-15,Stripe,14138
2018-10-15,Transparent,212
2018-10-15,Treatment,4052
2018-10-15,Unknown,135
2018-10-22,All over pattern,31874
2018-10-22,Application/3D,3005
2018-10-22,Argyle,26
2018-10-22,Chambray,395
2018-10-22,Check,9816
2018-10-22,Colour blocking,5835
2018-10-22,Contrast,2417
2018-10-22,Denim,23258
2018-10-22,Dot,1737
2018-10-22,Embroidery,2843
2018-10-22,Front print,7429
2018-10-22,Glittering/Metallic,3514
2018-10-22,Jacquard,3651
2018-10-22,Lace,8869
2018-10-22,Melange,35670
2018-10-22,Mesh,236
2018-10-22,Metallic,661
2018-10-22,Mixed solid/pattern,836
2018-10-22,Neps,480
2018-10-22,Other pattern,765
2018-10-22,Other structure,5101
2018-10-22,Placement print,6920
2018-10-22,Sequin,734
2018-10-22,Slub,100
2018-10-22,Solid,198358
2018-10-22,Stripe,15390
2018-10-22,Transparent,203
2018-10-22,Treatment,4302
2018-10-22,Unknown,157
2018-10-29,All over pattern,23556
2018-10-29,Application/3D,2714
2018-10-29,Argyle,31
2018-10-29,Chambray,204
2018-10-29,Check,6948
2018-10-29,Colour blocking,4201
2018-10-29,Contrast,2131
2018-10-29,Denim,14776
2018-10-29,Dot,1416
2018-10-29,Embroidery,1871
2018-10-29,Front print,4597
2018-10-29,Glittering/Metallic,3513
2018-10-29,Jacquard,2582
2018-10-29,Lace,6498
2018-10-29,Melange,27593
2018-10-29,Mesh,146
2018-10-29,Metallic,567
2018-10-29,Mixed solid/pattern,585
2018-10-29,Neps,313
2018-10-29,Other pattern,654
2018-10-29,Other structure,2999
2018-10-29,Placement print,4736
2018-10-29,Sequin,641
2018-10-29,Slub,95
2018-10-29,Solid,150005
2018-10-29,Stripe,9840
2018-10-29,Transparent,137
2018-10-29,Treatment,3319
2018-10-29,Unknown,130
2018-11-05,All over pattern,21676
2018-11-05,Application/3D,2854
2018-11-05,Argyle,25
2018-11-05,Chambray,175
2018-11-05,Check,6896
2018-11-05,Colour blocking,3248
2018-11-05,Contrast,1622
2018-11-05,Denim,11614
2018-11-05,Dot,1070
2018-11-05,Embroidery,1360
2018-11-05,Front print,3222
2018-11-05,Glittering/Metallic,4387
2018-11-05,Jacquard,2335
2018-11-05,Lace,7391
2018-11-05,Melange,22879
2018-11-05,Mesh,126
2018-11-05,Metallic,761
2018-11-05,Mixed solid/pattern,477
2018-11-05,Neps,223
2018-11-05,Other pattern,491
2018-11-05,Other structure,2489
2018-11-05,Placement print,3835
2018-11-05,Sequin,795
2018-11-05,Slub,71
2018-11-05,Solid,134452
2018-11-05,Stripe,8871
2018-11-05,Transparent,144
2018-11-05,Treatment,2573
2018-11-05,Unknown,139
2018-11-12,All over pattern,20536
2018-11-12,Application/3D,2919
2018-11-12,Argyle,13
2018-11-12,Chambray,233
2018-11-12,Check,6115
2018-11-12,Colour blocking,2910
2018-11-12,Contrast,1603
2018-11-12,Denim,12140
2018-11-12,Dot,995
2018-11-12,Embroidery,1143
2018-11-12,Front print,3148
2018-11-12,Glittering/Metallic,4298
2018-11-12,Jacquard,2191
2018-11-12,Lace,6799
2018-11-12,Melange,23324
2018-11-12,Mesh,116
2018-11-12,Metallic,627
2018-11-12,Mixed solid/pattern,465
2018-11-12,Neps,241
2018-11-12,Other pattern,559
2018-11-12,Other structure,2368
2018-11-12,Placement print,3839
2018-11-12,Sequin,972
2018-11-12,Slub,42
2018-11-12,Solid,133282
2018-11-12,Stripe,7886
2018-11-12,Transparent,104
2018-11-12,Treatment,2341
2018-11-12,Unknown,84
2018-11-19,All over pattern,35192
2018-11-19,Application/3D,5448
2018-11-19,Argyle,34
2018-11-19,Chambray,328
2018-11-19,Check,9290
2018-11-19,Colour blocking,6773
2018-11-19,Contrast,4365
2018-11-19,Denim,23473
2018-11-19,Dot,2082
2018-11-19,Embroidery,2744
2018-11-19,Front print,6613
2018-11-19,Glittering/Metallic,8293
2018-11-19,Jacquard,4011
2018-11-19,Lace,12735
2018-11-19,Melange,49937
2018-11-19,Mesh,189
2018-11-19,Metallic,1005
2018-11-19,Mixed solid/pattern,982
2018-11-19,Neps,520
2018-11-19,Other pattern,1069
2018-11-19,Other structure,5038
2018-11-19,Placement print,8716
2018-11-19,Sequin,2418
2018-11-19,Slub,112
2018-11-19,Solid,243913
2018-11-19,Stripe,15757
2018-11-19,Transparent,143
2018-11-19,Treatment,2963
2018-11-19,Unknown,176
2018-11-26,All over pattern,20530
2018-11-26,Application/3D,2641
2018-11-26,Argyle,14
2018-11-26,Chambray,182
2018-11-26,Check,6223
2018-11-26,Colour blocking,3337
2018-11-26,Contrast,2197
2018-11-26,Denim,11869
2018-11-26,Dot,1116
2018-11-26,Embroidery,1323
2018-11-26,Front print,3912
2018-11-26,Glittering/Metallic,4834
2018-11-26,Jacquard,5727
2018-11-26,Lace,7429
2018-11-26,Melange,22367
2018-11-26,Mesh,105
2018-11-26,Metallic,579
2018-11-26,Mixed solid/pattern,520
2018-11-26,Neps,341
2018-11-26,Other pattern,616
2018-11-26,Other structure,2534
2018-11-26,Placement print,4183
2018-11-26,Sequin,1591
2018-11-26,Slub,80
2018-11-26,Solid,125512
2018-11-26,Stripe,8110
2018-11-26,Transparent,96
2018-11-26,Treatment,1591
2018-11-26,Unknown,97
2018-12-03,All over pattern,20342
2018-12-03,Application/3D,2577
2018-12-03,Argyle,21
2018-12-03,Chambray,176
2018-12-03,Check,5394
2018-12-03,Colour blocking,2733
2018-12-03,Contrast,2174
2018-12-03,Denim,10087
2018-12-03,Dot,1386
2018-12-03,Embroidery,1255
2018-12-03,Front print,3489
2018-12-03,Glittering/Metallic,6555
2018-12-03,Jacquard,4249
2018-12-03,Lace,8221
2018-12-03,Melange,18609
2018-12-03,Mesh,198
2018-12-03,Metallic,711
2018-12-03,Mixed solid/pattern,590
2018-12-03,Neps,242
2018-12-03,Other pattern,527
2018-12-03,Other structure,2626
2018-12-03,Placement print,4084
2018-12-03,Sequin,2073
2018-12-03,Slub,93
2018-12-03,Solid,129362
2018-12-03,Stripe,7680
2018-12-03,Transparent,117
2018-12-03,Treatment,1631
2018-12-03,Unknown,122
2018-12-10,All over pattern,19481
2018-12-10,Application/3D,2651
2018-12-10,Argyle,13
2018-12-10,Chambray,219
2018-12-10,Check,5153
2018-12-10,Colour blocking,2595
2018-12-10,Contrast,1894
2018-12-10,Denim,10298
2018-12-10,Dot,1284
2018-12-10,Embroidery,1210
2018-12-10,Front print,3407
2018-12-10,Glittering/Metallic,6484
2018-12-10,Jacquard,4517
2018-12-10,Lace,7938
2018-12-10,Melange,18985
2018-12-10,Mesh,306
2018-12-10,Metallic,581
2018-12-10,Mixed solid/pattern,864
2018-12-10,Neps,261
2018-12-10,Other pattern,591
2018-12-10,Other structure,2376
2018-12-10,Placement print,3733
2018-12-10,Sequin,2282
2018-12-10,Slub,68
2018-12-10,Solid,128442
2018-12-10,Stripe,6705
2018-12-10,Transparent,124
2018-12-10,Treatment,1286
2018-12-10,Unknown,148
2018-12-17,All over pattern,33010
2018-12-17,Application/3D,3669
2018-12-17,Argyle,35
2018-12-17,Chambray,295
2018-12-17,Check,9068
2018-12-17,Colour blocking,3832
2018-12-17,Contrast,2961
2018-12-17,Denim,16582
2018-12-17,Dot,2620
2018-12-17,Embroidery,2099
2018-12-17,Front print,5716
2018-12-17,Glittering/Metallic,7708
2018-12-17,Jacquard,5220
2018-12-17,Lace,13042
2018-12-17,Melange,28375
2018-12-17,Mesh,333
2018-12-17,Metallic,963
2018-12-17,Mixed solid/pattern,1388
2018-12-17,Neps,409
2018-12-17,Other pattern,913
2018-12-17,Other structure,3441
2018-12-17,Placement print,5622
2018-12-17,Sequin,2490
2018-12-17,Slub,128
2018-12-17,Solid,176639
2018-12-17,Stripe,11203
2018-12-17,Transparent,199
2018-12-17,Treatment,1716
2018-12-17,Unknown,197
2018-12-24,All over pattern,24191
2018-12-24,Application/3D,2112
2018-12-24,Argyle,42
2018-12-24,Chambray,246
2018-12-24,Check,6273
2018-12-24,Colour blocking,3544
2018-12-24,Contrast,2226
2018-12-24,Denim,14362
2018-12-24,Dot,1894
2018-12-24,Embroidery,1478
2018-12-24,Front print,4406
2018-12-24,Glittering/Metallic,3555
2018-12-24,Jacquard,2242
2018-12-24,Lace,8858
2018-12-24,Melange,22778
2018-12-24,Mesh,150
2018-12-24,Metallic,466
2018-12-24,Mixed solid/pattern,1029
2018-12-24,Neps,321
2018-12-24,Other pattern,626
2018-12-24,Other structure,2367
2018-12-24,Placement print,4850
2018-12-24,Sequin,1158
2018-12-24,Slub,124
2018-12-24,Solid,132560
2018-12-24,Stripe,9628
2018-12-24,Transparent,173
2018-12-24,Treatment,1390
2018-12-24,Unknown,102
2018-12-31,All over pattern,26731
2018-12-31,Application/3D,2252
2018-12-31,Argyle,30
2018-12-31,Chambray,189
2018-12-31,Check,5841
2018-12-31,Colour blocking,4042
2018-12-31,Contrast,2263
2018-12-31,Denim,15680
2018-12-31,Dot,1854
2018-12-31,Embroidery,1479
2018-12-31,Front print,4447
2018-12-31,Glittering/Metallic,2072
2018-12-31,Jacquard,1814
2018-12-31,Lace,8055
2018-12-31,Melange,22404
2018-12-31,Mesh,89
2018-12-31,Metallic,508
2018-12-31,Mixed solid/pattern,1234
2018-12-31,Neps,337
2018-12-31,Other pattern,666
2018-12-31,Other structure,2355
2018-12-31,Placement print,5228
2018-12-31,Sequin,809
2018-12-31,Slub,114
2018-12-31,Solid,137231
2018-12-31,Stripe,10666
2018-12-31,Transparent,110
2018-12-31,Treatment,1344
2018-12-31,Unknown,166
2019-01-07,All over pattern,34149
2019-01-07,Application/3D,2247
2019-01-07,Argyle,28
2019-01-07,Chambray,179
2019-01-07,Check,5897
2019-01-07,Colour blocking,4462
2019-01-07,Contrast,2571
2019-01-07,Denim,19999
2019-01-07,Dot,2672
2019-01-07,Embroidery,1948
2019-01-07,Front print,4786
2019-01-07,Glittering/Metallic,2236
2019-01-07,Jacquard,1672
2019-01-07,Lace,9232
2019-01-07,Melange,26353
2019-01-07,Mesh,148
2019-01-07,Metallic,640
2019-01-07,Mixed solid/pattern,1698
2019-01-07,Neps,391
2019-01-07,Other pattern,569
2019-01-07,Other structure,3057
2019-01-07,Placement print,5781
2019-01-07,Sequin,745
2019-01-07,Slub,143
2019-01-07,Solid,169047
2019-01-07,Stripe,14762
2019-01-07,Transparent,122
2019-01-07,Treatment,1503
2019-01-07,Unknown,257
2019-01-14,All over pattern,28630
2019-01-14,Application/3D,1842
2019-01-14,Argyle,15
2019-01-14,Chambray,129
2019-01-14,Check,4580
2019-01-14,Colour blocking,3958
2019-01-14,Contrast,2487
2019-01-14,Denim,17681
2019-01-14,Dot,1863
2019-01-14,Embroidery,1636
2019-01-14,Front print,3633
2019-01-14,Glittering/Metallic,1578
2019-01-14,Jacquard,1532
2019-01-14,Lace,7403
2019-01-14,Melange,21175
2019-01-14,Mesh,164
2019-01-14,Metallic,527
2019-01-14,Mixed solid/pattern,1358
2019-01-14,Neps,368
2019-01-14,Other pattern,546
2019-01-14,Other structure,2464
2019-01-14,Placement print,5082
2019-01-14,Sequin,765
2019-01-14,Slub,126
2019-01-14,Solid,139718
2019-01-14,Stripe,11589
2019-01-14,Transparent,116
2019-01-14,Treatment,1281
2019-01-14,Unknown,298
2019-01-21,All over pattern,31460
2019-01-21,Application/3D,2568
2019-01-21,Argyle,20
2019-01-21,Chambray,118
2019-01-21,Check,4994
2019-01-21,Colour blocking,4589
2019-01-21,Contrast,2645
2019-01-21,Denim,20579
2019-01-21,Dot,1911
2019-01-21,Embroidery,1848
2019-01-21,Front print,4066
2019-01-21,Glittering/Metallic,1958
2019-01-21,Jacquard,1528
2019-01-21,Lace,8495
2019-01-21,Melange,24019
2019-01-21,Mesh,140
2019-01-21,Metallic,498
2019-01-21,Mixed solid/pattern,1433
2019-01-21,Neps,363
2019-01-21,Other pattern,667
2019-01-21,Other structure,2857
2019-01-21,Placement print,5319
2019-01-21,Sequin,735
2019-01-21,Slub,139
2019-01-21,Solid,152357
2019-01-21,Stripe,12007
2019-01-21,Transparent,114
2019-01-21,Treatment,1497
2019-01-21,Unknown,535
2019-01-28,All over pattern,32656
2019-01-28,Application/3D,2148
2019-01-28,Argyle,14
2019-01-28,Chambray,196
2019-01-28,Check,4637
2019-01-28,Colour blocking,4292
2019-01-28,Contrast,2709
2019-01-28,Denim,21746
2019-01-28,Dot,1767
2019-01-28,Embroidery,1945
2019-01-28,Front print,4346
2019-01-28,Glittering/Metallic,1868
2019-01-28,Jacquard,1646
2019-01-28,Lace,8349
2019-01-28,Melange,21677
2019-01-28,Mesh,139
2019-01-28,Metallic,455
2019-01-28,Mixed solid/pattern,1156
2019-01-28,Neps,321
2019-01-28,Other pattern,619
2019-01-28,Other structure,2920
2019-01-28,Placement print,5492
2019-01-28,Sequin,787
2019-01-28,Slub,182
2019-01-28,Solid,151870
2019-01-28,Stripe,12803
2019-01-28,Transparent,149
2019-01-28,Treatment,1573
2019-01-28,Unknown,349
2019-02-04,All over pattern,30033
2019-02-04,Application/3D,1660
2019-02-04,Argyle,9
2019-02-04,Chambray,170
2019-02-04,Check,4309
2019-02-04,Colour blocking,3325
2019-02-04,Contrast,2441
2019-02-04,Denim,22610
2019-02-04,Dot,1868
2019-02-04,Embroidery,1552
2019-02-04,Front print,3277
2019-02-04,Glittering/Metallic,1505
2019-02-04,Jacquard,1341
2019-02-04,Lace,7954
2019-02-04,Melange,16510
2019-02-04,Mesh,81
2019-02-04,Metallic,402
2019-02-04,Mixed solid/pattern,1072
2019-02-04,Neps,281
2019-02-04,Other pattern,543
2019-02-04,Other structure,2800
2019-02-04,Placement print,4646
2019-02-04,Sequin,585
2019-02-04,Slub,186
2019-02-04,Solid,137584
2019-02-04,Stripe,12786
2019-02-04,Transparent,123
2019-02-04,Treatment,1104
2019-02-04,Unknown,299
2019-02-11,All over pattern,30813
2019-02-11,Application/3D,1279
2019-02-11,Argyle,5
2019-02-11,Chambray,247
2019-02-11,Check,4155
2019-02-11,Colour blocking,3087
2019-02-11,Contrast,2112
2019-02-11,Denim,21794
2019-02-11,Dot,1649
2019-02-11,Embroidery,1400
2019-02-11,Front print,3175
2019-02-11,Glittering/Metallic,1258
2019-02-11,Jacquard,1192
2019-02-11,Lace,6543
2019-02-11,Melange,13307
2019-02-11,Mesh,66
2019-02-11,Metallic,365
2019-02-11,Mixed solid/pattern,905
2019-02-11,Neps,265
2019-02-11,Other pattern,489
2019-02-11,Other structure,3401
2019-02-11,Placement print,4645
2019-02-11,Sequin,587
2019-02-11,Slub,206
2019-02-11,Solid,130492
2019-02-11,Stripe,13968
2019-02-11,Transparent,133
2019-02-11,Treatment,1134
2019-02-11,Unknown,281
2019-02-18,All over pattern,43612
2019-02-18,Application/3D,1678
2019-02-18,Argyle,7
2019-02-18,Chambray,292
2019-02-18,Check,5989
2019-02-18,Colour blocking,4025
2019-02-18,Contrast,2804
2019-02-18,Denim,24627
2019-02-18,Dot,2011
2019-02-18,Embroidery,2116
2019-02-18,Front print,4402
2019-02-18,Glittering/Metallic,1423
2019-02-18,Jacquard,1239
2019-02-18,Lace,7631
2019-02-18,Melange,17076
2019-02-18,Mesh,87
2019-02-18,Metallic,582
2019-02-18,Mixed solid/pattern,1315
2019-02-18,Neps,548
2019-02-18,Other pattern,639
2019-02-18,Other structure,4868
2019-02-18,Placement print,7519
2019-02-18,Sequin,996
2019-02-18,Slub,336
2019-02-18,Solid,182068
2019-02-18,Stripe,22571
2019-02-18,Transparent,235
2019-02-18,Treatment,1282
2019-02-18,Unknown,272
2019-02-25,All over pattern,37948
2019-02-25,Application/3D,1262
2019-02-25,Argyle,4
2019-02-25,Chambray,180
2019-02-25,Check,4691
2019-02-25,Colour blocking,2812
2019-02-25,Contrast,2041
2019-02-25,Denim,20079
2019-02-25,Dot,1689
2019-02-25,Embroidery,1956
2019-02-25,Front print,3169
2019-02-25,Glittering/Metallic,1052
2019-02-25,Jacquard,899
2019-02-25,Lace,6169
2019-02-25,Melange,13165
2019-02-25,Mesh,72
2019-02-25,Metallic,458
2019-02-25,Mixed solid/pattern,901
2019-02-25,Neps,587
2019-02-25,Other pattern,555
2019-02-25,Other structure,3655
2019-02-25,Placement print,6144
2019-02-25,Sequin,521
2019-02-25,Slub,276
2019-02-25,Solid,156454
2019-02-25,Stripe,19236
2019-02-25,Transparent,182
2019-02-25,Treatment,1038
2019-02-25,Unknown,261
2019-03-04,All over pattern,35001
2019-03-04,Application/3D,1200
2019-03-04,Argyle,8
2019-03-04,Chambray,196
2019-03-04,Check,4671
2019-03-04,Colour blocking,2578
2019-03-04,Contrast,2308
2019-03-04,Denim,19158
2019-03-04,Dot,1652
2019-03-04,Embroidery,2302
2019-03-04,Front print,2382
2019-03-04,Glittering/Metallic,1065
2019-03-04,Jacquard,1017
2019-03-04,Lace,6235
2019-03-04,Melange,14057
2019-03-04,Mesh,75
2019-03-04,Metallic,375
2019-03-04,Mixed solid/pattern,944
2019-03-04,Neps,540
2019-03-04,Other pattern,458
2019-03-04,Other structure,3832
2019-03-04,Placement print,6229
2019-03-04,Sequin,327
2019-03-04,Slub,249
2019-03-04,Solid,152214
2019-03-04,Stripe,19044
2019-03-04,Transparent,99
2019-03-04,Treatment,895
2019-03-04,Unknown,242
2019-03-11,All over pattern,37158
2019-03-11,Application/3D,1187
2019-03-11,Argyle,8
2019-03-11,Chambray,151
2019-03-11,Check,4445
2019-03-11,Colour blocking,3015
2019-03-11,Contrast,2032
2019-03-11,Denim,19352
2019-03-11,Dot,2031
2019-03-11,Embroidery,2473
2019-03-11,Front print,2179
2019-03-11,Glittering/Metallic,1026
2019-03-11,Jacquard,1164
2019-03-11,Lace,7135
2019-03-11,Melange,13539
2019-03-11,Mesh,56
2019-03-11,Metallic,378
2019-03-11,Mixed solid/pattern,909
2019-03-11,Neps,422
2019-03-11,Other pattern,448
2019-03-11,Other structure,4038
2019-03-11,Placement print,6008
2019-03-11,Sequin,262
2019-03-11,Slub,259
2019-03-11,Solid,154474
2019-03-11,Stripe,20598
2019-03-11,Transparent,138
2019-03-11,Treatment,931
2019-03-11,Unknown,189
2019-03-18,All over pattern,40350
2019-03-18,Application/3D,952
2019-03-18,Argyle,10
2019-03-18,Chambray,185
2019-03-18,Check,3913
2019-03-18,Colour blocking,2604
2019-03-18,Contrast,2213
2019-03-18,Denim,17178
2019-03-18,Dot,2405
2019-03-18,Embroidery,1818
2019-03-18,Front print,2637
2019-03-18,Glittering/Metallic,855
2019-03-18,Jacquard,954
2019-03-18,Lace,7018
2019-03-18,Melange,11316
2019-03-18,Mesh,37
2019-03-18,Metallic,284
2019-03-18,Mixed solid/pattern,609
2019-03-18,Neps,392
2019-03-18,Other pattern,385
2019-03-18,Other structure,3897
2019-03-18,Placement print,5125
2019-03-18,Sequin,299
2019-03-18,Slub,306
2019-03-18,Solid,150902
2019-03-18,Stripe,20984
2019-03-18,Transparent,180
2019-03-18,Treatment,821
2019-03-18,Unknown,191
2019-03-25,All over pattern,46845
2019-03-25,Application/3D,1060
2019-03-25,Argyle,13
2019-03-25,Chambray,295
2019-03-25,Check,4110
2019-03-25,Colour blocking,2883
2019-03-25,Contrast,1942
2019-03-25,Denim,23508
2019-03-25,Dot,3170
2019-03-25,Embroidery,2069
2019-03-25,Front print,3932
2019-03-25,Glittering/Metallic,664
2019-03-25,Jacquard,1160
2019-03-25,Lace,7587
2019-03-25,Melange,12237
2019-03-25,Mesh,142
2019-03-25,Metallic,254
2019-03-25,Mixed solid/pattern,520
2019-03-25,Neps,544
2019-03-25,Other pattern,434
2019-03-25,Other structure,4729
2019-03-25,Placement print,6791
2019-03-25,Sequin,563
2019-03-25,Slub,472
2019-03-25,Solid,170971
2019-03-25,Stripe,26281
2019-03-25,Transparent,151
2019-03-25,Treatment,956
2019-03-25,Unknown,242
2019-04-01,All over pattern,56092
2019-04-01,Application/3D,1022
2019-04-01,Argyle,19
2019-04-01,Chambray,346
2019-04-01,Check,4105
2019-04-01,Colour blocking,2906
2019-04-01,Contrast,2160
2019-04-01,Denim,22864
2019-04-01,Dot,3960
2019-04-01,Embroidery,2279
2019-04-01,Front print,3778
2019-04-01,Glittering/Metallic,922
2019-04-01,Jacquard,1378
2019-04-01,Lace,10618
2019-04-01,Melange,13522
2019-04-01,Mesh,83
2019-04-01,Metallic,283
2019-04-01,Mixed solid/pattern,576
2019-04-01,Neps,487
2019-04-01,Other pattern,584
2019-04-01,Other structure,6976
2019-04-01,Placement print,7317
2019-04-01,Sequin,352
2019-04-01,Slub,537
2019-04-01,Solid,200109
2019-04-01,Stripe,29801
2019-04-01,Transparent,169
2019-04-01,Treatment,1080
2019-04-01,Unknown,287
2019-04-08,All over pattern,49814
2019-04-08,Application/3D,717
2019-04-08,Argyle,13
2019-04-08,Chambray,378
2019-04-08,Check,2525
2019-04-08,Colour blocking,2174
2019-04-08,Contrast,1476
2019-04-08,Denim,16397
2019-04-08,Dot,2460
2019-04-08,Embroidery,2236
2019-04-08,Front print,3357
2019-04-08,Glittering/Metallic,842
2019-04-08,Jacquard,1102
2019-04-08,Lace,8087
2019-04-08,Melange,10348
2019-04-08,Mesh,161
2019-04-08,Metallic,290
2019-04-08,Mixed solid/pattern,404
2019-04-08,Neps,381
2019-04-08,Other pattern,368
2019-04-08,Other structure,5592
2019-04-08,Placement print,5431
2019-04-08,Sequin,269
2019-04-08,Slub,308
2019-04-08,Solid,150565
2019-04-08,Stripe,22070
2019-04-08,Transparent,152
2019-04-08,Treatment,772
2019-04-08,Unknown,172
2019-04-15,All over pattern,56980
2019-04-15,Application/3D,702
2019-04-15,Argyle,4
2019-04-15,Chambray,504
2019-04-15,Check,2364
2019-04-15,Colour blocking,1846
2019-04-15,Contrast,1329
2019-04-15,Denim,18639
2019-04-15,Dot,2709
2019-04-15,Embroidery,2698
2019-04-15,Front print,3506
2019-04-15,Glittering/Metallic,945
2019-04-15,Jacquard,1735
2019-04-15,Lace,7794
2019-04-15,Melange,9420
2019-04-15,Mesh,142
2019-04-15,Metallic,406
2019-04-15,Mixed solid/pattern,464
2019-04-15,Neps,415
2019-04-15,Other pattern,360
2019-04-15,Other structure,6029
2019-04-15,Placement print,5341
2019-04-15,Sequin,252
2019-04-15,Slub,399
2019-04-15,Solid,170125
2019-04-15,Stripe,24451
2019-04-15,Transparent,151
2019-04-15,Treatment,930
2019-04-15,Unknown,149
2019-04-22,All over pattern,69682
2019-04-22,Application/3D,741
2019-04-22,Argyle,5
2019-04-22,Chambray,659
2019-04-22,Check,2574
2019-04-22,Colour blocking,2145
2019-04-22,Contrast,1614
2019-04-22,Denim,21660
2019-04-22,Dot,3115
2019-04-22,Embroidery,2999
2019-04-22,Front print,3795
2019-04-22,Glittering/Metallic,1078
2019-04-22,Jacquard,1263
2019-04-22,Lace,9099
2019-04-22,Melange,10747
2019-04-22,Mesh,59
2019-04-22,Metallic,466
2019-04-22,Mixed solid/pattern,462
2019-04-22,Neps,481
2019-04-22,Other pattern,369
2019-04-22,Other structure,7865
2019-04-22,Placement print,6240
2019-04-22,Sequin,329
2019-04-22,Slub,424
2019-04-22,Solid,201678
2019-04-22,Stripe,29632
2019-04-22,Transparent,186
2019-04-22,Treatment,958
2019-04-22,Unknown,151
2019-04-29,All over pattern,74624
2019-04-29,Application/3D,821
2019-04-29,Argyle,3
2019-04-29,Chambray,1999
2019-04-29,Check,2850
2019-04-29,Colour blocking,2684
2019-04-29,Contrast,1808
2019-04-29,Denim,21353
2019-04-29,Dot,2937
2019-04-29,Embroidery,3505
2019-04-29,Front print,4165
2019-04-29,Glittering/Metallic,2015
2019-04-29,Jacquard,1238
2019-04-29,Lace,12065
2019-04-29,Melange,12524
2019-04-29,Mesh,70
2019-04-29,Metallic,698
2019-04-29,Mixed solid/pattern,468
2019-04-29,Neps,410
2019-04-29,Other pattern,428
2019-04-29,Other structure,9007
2019-04-29,Placement print,7080
2019-04-29,Sequin,336
2019-04-29,Slub,390
2019-04-29,Solid,208665
2019-04-29,Stripe,30026
2019-04-29,Transparent,181
2019-04-29,Treatment,943
2019-04-29,Unknown,202
2019-05-06,All over pattern,52034
2019-05-06,Application/3D,547
2019-05-06,Argyle,5
2019-05-06,Chambray,769
2019-05-06,Check,1728
2019-05-06,Colour blocking,1811
2019-05-06,Contrast,1228
2019-05-06,Denim,14847
2019-05-06,Dot,2143
2019-05-06,Embroidery,1972
2019-05-06,Front print,2385
2019-05-06,Glittering/Metallic,1258
2019-05-06,Jacquard,937
2019-05-06,Lace,9062
2019-05-06,Melange,8449
2019-05-06,Mesh,52
2019-05-06,Metallic,1010
2019-05-06,Mixed solid/pattern,340
2019-05-06,Neps,258
2019-05-06,Other pattern,319
2019-05-06,Other structure,7163
2019-05-06,Placement print,4197
2019-05-06,Sequin,198
2019-05-06,Slub,314
2019-05-06,Solid,149915
2019-05-06,Stripe,19382
2019-05-06,Transparent,124
2019-05-06,Treatment,601
2019-05-06,Unknown,137
2019-05-13,All over pattern,62668
2019-05-13,Application/3D,724
2019-05-13,Argyle,8
2019-05-13,Chambray,613
2019-05-13,Check,2094
2019-05-13,Colour blocking,2196
2019-05-13,Contrast,1205
2019-05-13,Denim,18211
2019-05-13,Dot,2962
2019-05-13,Embroidery,2641
2019-05-13,Front print,2928
2019-05-13,Glittering/Metallic,1037
2019-05-13,Jacquard,1031
2019-05-13,Lace,9651
2019-05-13,Melange,9727
2019-05-13,Mesh,48
2019-05-13,Metallic,3718
2019-05-13,Mixed solid/pattern,435
2019-05-13,Neps,260
2019-05-13,Other pattern,426
2019-05-13,Other structure,7486
2019-05-13,Placement print,5101
2019-05-13,Sequin,317
2019-05-13,Slub,355
2019-05-13,Solid,180507
2019-05-13,Stripe,23527
2019-05-13,Transparent,189
2019-05-13,Treatment,714
2019-05-13,Unknown,137
2019-05-20,All over pattern,63466
2019-05-20,Application/3D,754
2019-05-20,Argyle,7
2019-05-20,Chambray,637
2019-05-20,Check,2230
2019-05-20,Colour blocking,2446
2019-05-20,Contrast,1349
2019-05-20,Denim,19599
2019-05-20,Dot,2901
2019-05-20,Embroidery,3322
2019-05-20,Front print,3419
2019-05-20,Glittering/Metallic,1190
2019-05-20,Jacquard,1032
2019-05-20,Lace,11041
2019-05-20,Melange,10583
2019-05-20,Mesh,60
2019-05-20,Metallic,2453
2019-05-20,Mixed solid/pattern,506
2019-05-20,Neps,318
2019-05-20,Other pattern,357
2019-05-20,Other structure,6766
2019-05-20,Placement print,5080
2019-05-20,Sequin,364
2019-05-20,Slub,535
2019-05-20,Solid,192585
2019-05-20,Stripe,23298
2019-05-20,Transparent,265
2019-05-20,Treatment,664
2019-05-20,Unknown,119
2019-05-27,All over pattern,75201
2019-05-27,Application/3D,613
2019-05-27,Argyle,20
2019-05-27,Chambray,832
2019-05-27,Check,2037
2019-05-27,Colour blocking,2348
2019-05-27,Contrast,1328
2019-05-27,Denim,22482
2019-05-27,Dot,4621
2019-05-27,Embroidery,3421
2019-05-27,Front print,4472
2019-05-27,Glittering/Metallic,1697
2019-05-27,Jacquard,944
2019-05-27,Lace,11601
2019-05-27,Melange,10846
2019-05-27,Mesh,68
2019-05-27,Metallic,1310
2019-05-27,Mixed solid/pattern,462
2019-05-27,Neps,313
2019-05-27,Other pattern,323
2019-05-27,Other structure,9907
2019-05-27,Placement print,5671
2019-05-27,Sequin,388
2019-05-27,Slub,567
2019-05-27,Solid,217782
2019-05-27,Stripe,27253
2019-05-27,Transparent,281
2019-05-27,Treatment,889
2019-05-27,Unknown,124
2019-06-03,All over pattern,65180
2019-06-03,Application/3D,519
2019-06-03,Argyle,16
2019-06-03,Chambray,625
2019-06-03,Check,1385
2019-06-03,Colour blocking,1633
2019-06-03,Contrast,1167
2019-06-03,Denim,19412
2019-06-03,Dot,3645
2019-06-03,Embroidery,2576
2019-06-03,Front print,3159
2019-06-03,Glittering/Metallic,1249
2019-06-03,Jacquard,698
2019-06-03,Lace,8630
2019-06-03,Melange,9393
2019-06-03,Mesh,78
2019-06-03,Metallic,876
2019-06-03,Mixed solid/pattern,453
2019-06-03,Neps,208
2019-06-03,Other pattern,289
2019-06-03,Other structure,6643
2019-06-03,Placement print,4333
2019-06-03,Sequin,317
2019-06-03,Slub,458
2019-06-03,Solid,179150
2019-06-03,Stripe,21886
2019-06-03,Transparent,262
2019-06-03,Treatment,748
2019-06-03,Unknown,103
2019-06-10,All over pattern,79342
2019-06-10,Application/3D,549
2019-06-10,Argyle,13
2019-06-10,Chambray,524
2019-06-10,Check,1285
2019-06-10,Colour blocking,2080
2019-06-10,Contrast,1539
2019-06-10,Denim,16923
2019-06-10,Dot,3693
2019-06-10,Embroidery,2455
2019-06-10,Front print,4718
2019-06-10,Glittering/Metallic,1024
2019-06-10,Jacquard,544
2019-06-10,Lace,7735
2019-06-10,Melange,9233
2019-06-10,Mesh,63
2019-06-10,Metallic,713
2019-06-10,Mixed solid/pattern,365
2019-06-10,Neps,152
2019-06-10,Other pattern,242
2019-06-10,Other structure,6077
2019-06-10,Placement print,6489
2019-06-10,Sequin,263
2019-06-10,Slub,402
2019-06-10,Solid,160692
2019-06-10,Stripe,19217
2019-06-10,Transparent,229
2019-06-10,Treatment,677
2019-06-10,Unknown,99
2019-06-17,All over pattern,111340
2019-06-17,Application/3D,851
2019-06-17,Argyle,19
2019-06-17,Chambray,1006
2019-06-17,Check,3973
2019-06-17,Colour blocking,3352
2019-06-17,Contrast,3059
2019-06-17,Denim,32963
2019-06-17,Dot,7596
2019-06-17,Embroidery,4728
2019-06-17,Front print,5890
2019-06-17,Glittering/Metallic,1563
2019-06-17,Jacquard,1683
2019-06-17,Lace,11900
2019-06-17,Melange,14883
2019-06-17,Mesh,107
2019-06-17,Metallic,1150
2019-06-17,Mixed solid/pattern,959
2019-06-17,Neps,259
2019-06-17,Other pattern,323
2019-06-17,Other structure,10502
2019-06-17,Placement print,8781
2019-06-17,Sequin,551
2019-06-17,Slub,667
2019-06-17,Solid,285208
2019-06-17,Stripe,44606
2019-06-17,Transparent,353
2019-06-17,Treatment,1599
2019-06-17,Unknown,205
2019-06-24,All over pattern,112941
2019-06-24,Application/3D,700
2019-06-24,Argyle,19
2019-06-24,Chambray,1239
2019-06-24,Check,4123
2019-06-24,Colour blocking,3092
2019-06-24,Contrast,2947
2019-06-24,Denim,30288
2019-06-24,Dot,6835
2019-06-24,Embroidery,4740
2019-06-24,Front print,5170
2019-06-24,Glittering/Metallic,1436
2019-06-24,Jacquard,1107
2019-06-24,Lace,10844
2019-06-24,Melange,14013
2019-06-24,Mesh,122
2019-06-24,Metallic,894
2019-06-24,Mixed solid/pattern,811
2019-06-24,Neps,197
2019-06-24,Other pattern,269
2019-06-24,Other structure,13542
2019-06-24,Placement print,7877
2019-06-24,Sequin,420
2019-06-24,Slub,638
2019-06-24,Solid,291493
2019-06-24,Stripe,45221
2019-06-24,Transparent,325
2019-06-24,Treatment,1513
2019-06-24,Unknown,174
2019-07-01,All over pattern,75225
2019-07-01,Application/3D,605
2019-07-01,Argyle,21
2019-07-01,Chambray,791
2019-07-01,Check,3608
2019-07-01,Colour blocking,3234
2019-07-01,Contrast,2101
2019-07-01,Denim,23800
2019-07-01,Dot,4471
2019-07-01,Embroidery,5303
2019-07-01,Front print,4324
2019-07-01,Glittering/Metallic,917
2019-07-01,Jacquard,850
2019-07-01,Lace,8389
2019-07-01,Melange,12637
2019-07-01,Mesh,114
2019-07-01,Metallic,661
2019-07-01,Mixed solid/pattern,584
2019-07-01,Neps,164
2019-07-01,Other pattern,243
2019-07-01,Other structure,8768
2019-07-01,Placement print,7878
2019-07-01,Sequin,335
2019-07-01,Slub,442
2019-07-01,Solid,230255
2019-07-01,Stripe,32435
2019-07-01,Transparent,228
2019-07-01,Treatment,964
2019-07-01,Unknown,179
2019-07-08,All over pattern,63043
2019-07-08,Application/3D,550
2019-07-08,Argyle,20
2019-07-08,Chambray,560
2019-07-08,Check,3836
2019-07-08,Colour blocking,3081
2019-07-08,Contrast,1971
2019-07-08,Denim,22788
2019-07-08,Dot,3730
2019-07-08,Embroidery,4183
2019-07-08,Front print,3664
2019-07-08,Glittering/Metallic,550
2019-07-08,Jacquard,867
2019-07-08,Lace,6837
2019-07-08,Melange,12505
2019-07-08,Mesh,114
2019-07-08,Metallic,453
2019-07-08,Mixed solid/pattern,462
2019-07-08,Neps,147
2019-07-08,Other pattern,251
2019-07-08,Other structure,7036
2019-07-08,Placement print,6628
2019-07-08,Sequin,333
2019-07-08,Slub,370
2019-07-08,Solid,201254
2019-07-08,Stripe,27978
2019-07-08,Transparent,228
2019-07-08,Treatment,1068
2019-07-08,Unknown,130
2019-07-15,All over pattern,63099
2019-07-15,Application/3D,638
2019-07-15,Argyle,15
2019-07-15,Chambray,655
2019-07-15,Check,3967
2019-07-15,Colour blocking,2727
2019-07-15,Contrast,1930
2019-07-15,Denim,23414
2019-07-15,Dot,3178
2019-07-15,Embroidery,4570
2019-07-15,Front print,3368
2019-07-15,Glittering/Metallic,584
2019-07-15,Jacquard,1034
2019-07-15,Lace,6591
2019-07-15,Melange,12536
2019-07-15,Mesh,98
2019-07-15,Metallic,478
2019-07-15,Mixed solid/pattern,461
2019-07-15,Neps,307
2019-07-15,Other pattern,241
2019-07-15,Other structure,6674
2019-07-15,Placement print,5936
2019-07-15,Sequin,320
2019-07-15,Slub,385
2019-07-15,Solid,199136
2019-07-15,Stripe,27317
2019-07-15,Transparent,232
2019-07-15,Treatment,1106
2019-07-15,Unknown,80
2019-07-22,All over pattern,94314
2019-07-22,Application/3D,720
2019-07-22,Argyle,30
2019-07-22,Chambray,1180
2019-07-22,Check,4280
2019-07-22,Colour blocking,2758
2019-07-22,Contrast,2077
2019-07-22,Denim,25535
2019-07-22,Dot,4311
2019-07-22,Embroidery,6005
2019-07-22,Front print,3354
2019-07-22,Glittering/Metallic,641
2019-07-22,Jacquard,1033
2019-07-22,Lace,7978
2019-07-22,Melange,13390
2019-07-22,Mesh,171
2019-07-22,Metallic,724
2019-07-22,Mixed solid/pattern,609
2019-07-22,Neps,287
2019-07-22,Other pattern,263
2019-07-22,Other structure,9008
2019-07-22,Placement print,5954
2019-07-22,Sequin,299
2019-07-22,Slub,421
2019-07-22,Solid,248816
2019-07-22,Stripe,36125
2019-07-22,Transparent,224
2019-07-22,Treatment,1218
2019-07-22,Unknown,141
2019-07-29,All over pattern,58437
2019-07-29,Application/3D,596
2019-07-29,Argyle,13
2019-07-29,Chambray,587
2019-07-29,Check,4715
2019-07-29,Colour blocking,2281
2019-07-29,Contrast,1556
2019-07-29,Denim,20004
2019-07-29,Dot,2778
2019-07-29,Embroidery,3943
2019-07-29,Front print,2797
2019-07-29,Glittering/Metallic,461
2019-07-29,Jacquard,1055
2019-07-29,Lace,6044
2019-07-29,Melange,11396
2019-07-29,Mesh,141
2019-07-29,Metallic,334
2019-07-29,Mixed solid/pattern,442
2019-07-29,Neps,283
2019-07-29,Other pattern,297
2019-07-29,Other structure,5038
2019-07-29,Placement print,4167
2019-07-29,Sequin,322
2019-07-29,Slub,280
2019-07-29,Solid,177943
2019-07-29,Stripe,22316
2019-07-29,Transparent,169
2019-07-29,Treatment,903
2019-07-29,Unknown,86
2019-08-05,All over pattern,46829
2019-08-05,Application/3D,654
2019-08-05,Argyle,12
2019-08-05,Chambray,505
2019-08-05,Check,5769
2019-08-05,Colour blocking,2050
2019-08-05,Contrast,1478
2019-08-05,Denim,19590
2019-08-05,Dot,2341
2019-08-05,Embroidery,3446
2019-08-05,Front print,2431
2019-08-05,Glittering/Metallic,397
2019-08-05,Jacquard,993
2019-08-05,Lace,5593
2019-08-05,Melange,12222
2019-08-05,Mesh,343
2019-08-05,Metallic,331
2019-08-05,Mixed solid/pattern,468
2019-08-05,Neps,250
2019-08-05,Other pattern,460
2019-08-05,Other structure,4097
2019-08-05,Placement print,3608
2019-08-05,Sequin,190
2019-08-05,Slub,281
2019-08-05,Solid,166211
2019-08-05,Stripe,17330
2019-08-05,Transparent,145
2019-08-05,Treatment,672
2019-08-05,Unknown,96
2019-08-12,All over pattern,45763
2019-08-12,Application/3D,993
2019-08-12,Argyle,13
2019-08-12,Chambray,409
2019-08-12,Check,8388
2019-08-12,Colour blocking,2281
2019-08-12,Contrast,1776
2019-08-12,Denim,21119
2019-08-12,Dot,2540
2019-08-12,Embroidery,3608
2019-08-12,Front print,3245
2019-08-12,Glittering/Metallic,496
2019-08-12,Jacquard,1029
2019-08-12,Lace,5979
2019-08-12,Melange,17231
2019-08-12,Mesh,585
2019-08-12,Metallic,258
2019-08-12,Mixed solid/pattern,457
2019-08-12,Neps,427
2019-08-12,Other pattern,408
2019-08-12,Other structure,4440
2019-08-12,Placement print,3921
2019-08-12,Sequin,266
2019-08-12,Slub,236
2019-08-12,Solid,181513
2019-08-12,Stripe,16783
2019-08-12,Transparent,137
2019-08-12,Treatment,622
2019-08-12,Unknown,105
2019-08-19,All over pattern,33687
2019-08-19,Application/3D,619
2019-08-19,Argyle,3
2019-08-19,Chambray,277
2019-08-19,Check,7167
2019-08-19,Colour blocking,1612
2019-08-19,Contrast,1362
2019-08-19,Denim,17112
2019-08-19,Dot,1723
2019-08-19,Embroidery,2726
2019-08-19,Front print,2686
2019-08-19,Glittering/Metallic,320
2019-08-19,Jacquard,904
2019-08-19,Lace,3947
2019-08-19,Melange,14092
2019-08-19,Mesh,381
2019-08-19,Metallic,254
2019-08-19,Mixed solid/pattern,318
2019-08-19,Neps,310
2019-08-19,Other pattern,361
2019-08-19,Other structure,4267
2019-08-19,Placement print,2802
2019-08-19,Sequin,204
2019-08-19,Slub,156
2019-08-19,Solid,150304
2019-08-19,Stripe,11513
2019-08-19,Transparent,138
2019-08-19,Treatment,390
2019-08-19,Unknown,53
2019-08-26,All over pattern,29620
2019-08-26,Application/3D,591
2019-08-26,Argyle,17
2019-08-26,Chambray,283
2019-08-26,Check,6880
2019-08-26,Colour blocking,1476
2019-08-26,Contrast,1282
2019-08-26,Denim,14525
2019-08-26,Dot,1484
2019-08-26,Embroidery,2714
2019-08-26,Front print,2508
2019-08-26,Glittering/Metallic,326
2019-08-26,Jacquard,733
2019-08-26,Lace,3247
2019-08-26,Melange,13662
2019-08-26,Mesh,276
2019-08-26,Metallic,176
2019-08-26,Mixed solid/pattern,337
2019-08-26,Neps,256
2019-08-26,Other pattern,282
2019-08-26,Other structure,4244
2019-08-26,Placement print,2576
2019-08-26,Sequin,140
2019-08-26,Slub,157
2019-08-26,Solid,136628
2019-08-26,Stripe,9323
2019-08-26,Transparent,121
2019-08-26,Treatment,365
2019-08-26,Unknown,25
2019-09-02,All over pattern,26048
2019-09-02,Application/3D,741
2019-09-02,Argyle,32
2019-09-02,Chambray,181
2019-09-02,Check,8976
2019-09-02,Colour blocking,2396
2019-09-02,Contrast,1471
2019-09-02,Denim,17587
2019-09-02,Dot,1446
2019-09-02,Embroidery,3094
2019-09-02,Front print,2889
2019-09-02,Glittering/Metallic,509
2019-09-02,Jacquard,1692
2019-09-02,Lace,3211
2019-09-02,Melange,21178
2019-09-02,Mesh,249
2019-09-02,Metallic,194
2019-09-02,Mixed solid/pattern,288
2019-09-02,Neps,560
2019-09-02,Other pattern,350
2019-09-02,Other structure,4805
2019-09-02,Placement print,2982
2019-09-02,Sequin,252
2019-09-02,Slub,193
2019-09-02,Solid,150321
2019-09-02,Stripe,7832
2019-09-02,Transparent,122
2019-09-02,Treatment,460
2019-09-02,Unknown,24
2019-09-09,All over pattern,24456
2019-09-09,Application/3D,568
2019-09-09,Argyle,15
2019-09-09,Chambray,154
2019-09-09,Check,10120
2019-09-09,Colour blocking,1841
2019-09-09,Contrast,1331
2019-09-09,Denim,16179
2019-09-09,Dot,1378
2019-09-09,Embroidery,2671
2019-09-09,Front print,2636
2019-09-09,Glittering/Metallic,486
2019-09-09,Jacquard,1634
2019-09-09,Lace,2847
2019-09-09,Melange,22613
2019-09-09,Mesh,335
2019-09-09,Metallic,144
2019-09-09,Mixed solid/pattern,239
2019-09-09,Neps,616
2019-09-09,Other pattern,341
2019-09-09,Other structure,4233
2019-09-09,Placement print,2467
2019-09-09,Sequin,195
2019-09-09,Slub,141
2019-09-09,Solid,140791
2019-09-09,Stripe,7340
2019-09-09,Transparent,105
2019-09-09,Treatment,519
2019-09-09,Unknown,23
2019-09-16,All over pattern,23904
2019-09-16,Application/3D,546
2019-09-16,Argyle,12
2019-09-16,Chambray,108
2019-09-16,Check,9130
2019-09-16,Colour blocking,1529
2019-09-16,Contrast,1240
2019-09-16,Denim,13997
2019-09-16,Dot,1387
2019-09-16,Embroidery,2488
2019-09-16,Front print,2329
2019-09-16,Glittering/Metallic,542
2019-09-16,Jacquard,1609
2019-09-16,Lace,2486
2019-09-16,Melange,21507
2019-09-16,Mesh,303
2019-09-16,Metallic,145
2019-09-16,Mixed solid/pattern,238
2019-09-16,Neps,475
2019-09-16,Other pattern,341
2019-09-16,Other structure,3832
2019-09-16,Placement print,2307
2019-09-16,Sequin,152
2019-09-16,Slub,114
2019-09-16,Solid,134822
2019-09-16,Stripe,6059
2019-09-16,Transparent,114
2019-09-16,Treatment,537
2019-09-16,Unknown,25
2019-09-23,All over pattern,38357
2019-09-23,Application/3D,954
2019-09-23,Argyle,8
2019-09-23,Chambray,225
2019-09-23,Check,15696
2019-09-23,Colour blocking,2809
2019-09-23,Contrast,2365
2019-09-23,Denim,24991
2019-09-23,Dot,2172
2019-09-23,Embroidery,4464
2019-09-23,Front print,3888
2019-09-23,Glittering/Metallic,1183
2019-09-23,Jacquard,2691
2019-09-23,Lace,4721
2019-09-23,Melange,41856
2019-09-23,Mesh,443
2019-09-23,Metallic,331
2019-09-23,Mixed solid/pattern,370
2019-09-23,Neps,1039
2019-09-23,Other pattern,564
2019-09-23,Other structure,6373
2019-09-23,Placement print,4069
2019-09-23,Sequin,312
2019-09-23,Slub,168
2019-09-23,Solid,251209
2019-09-23,Stripe,10500
2019-09-23,Transparent,196
2019-09-23,Treatment,1447
2019-09-23,Unknown,23
2019-09-30,All over pattern,32063
2019-09-30,Application/3D,960
2019-09-30,Argyle,7
2019-09-30,Chambray,158
2019-09-30,Check,10698
2019-09-30,Colour blocking,3118
2019-09-30,Contrast,2232
2019-09-30,Denim,18670
2019-09-30,Dot,1459
2019-09-30,Embroidery,3370
2019-09-30,Front print,3979
2019-09-30,Glittering/Metallic,1077
2019-09-30,Jacquard,2426
2019-09-30,Lace,4468
2019-09-30,Melange,29820
2019-09-30,Mesh,338
2019-09-30,Metallic,428
2019-09-30,Mixed solid/pattern,436
2019-09-30,Neps,512
2019-09-30,Other pattern,440
2019-09-30,Other structure,4478
2019-09-30,Placement print,3403
2019-09-30,Sequin,317
2019-09-30,Slub,119
2019-09-30,Solid,179696
2019-09-30,Stripe,9625
2019-09-30,Transparent,151
2019-09-30,Treatment,1234
2019-09-30,Unknown,39
2019-10-07,All over pattern,26111
2019-10-07,Application/3D,874
2019-10-07,Argyle,6
2019-10-07,Chambray,132
2019-10-07,Check,8370
2019-10-07,Colour blocking,2386
2019-10-07,Contrast,1829
2019-10-07,Denim,15076
2019-10-07,Dot,1292
2019-10-07,Embroidery,2690
2019-10-07,Front print,2676
2019-10-07,Glittering/Metallic,1258
2019-10-07,Jacquard,1923
2019-10-07,Lace,3742
2019-10-07,Melange,25114
2019-10-07,Mesh,294
2019-10-07,Metallic,507
2019-10-07,Mixed solid/pattern,369
2019-10-07,Neps,508
2019-10-07,Other pattern,308
2019-10-07,Other structure,3716
2019-10-07,Placement print,2481
2019-10-07,Sequin,466
2019-10-07,Slub,83
2019-10-07,Solid,151034
2019-10-07,Stripe,7898
2019-10-07,Transparent,220
2019-10-07,Treatment,1287
2019-10-07,Unknown,56
2019-10-14,All over pattern,21616
2019-10-14,Application/3D,1351
2019-10-14,Argyle,4
2019-10-14,Chambray,124
2019-10-14,Check,6673
2019-10-14,Colour blocking,1845
2019-10-14,Contrast,1512
2019-10-14,Denim,13020
2019-10-14,Dot,854
2019-10-14,Embroidery,2197
2019-10-14,Front print,2044
2019-10-14,Glittering/Metallic,1717
2019-10-14,Jacquard,1815
2019-10-14,Lace,3221
2019-10-14,Melange,22279
2019-10-14,Mesh,212
2019-10-14,Metallic,559
2019-10-14,Mixed solid/pattern,273
2019-10-14,Neps,401
2019-10-14,Other pattern,273
2019-10-14,Other structure,3321
2019-10-14,Placement print,2174
2019-10-14,Sequin,598
2019-10-14,Slub,60
2019-10-14,Solid,129728
2019-10-14,Stripe,6452
2019-10-14,Transparent,148
2019-10-14,Treatment,951
2019-10-14,Unknown,22
2019-10-21,All over pattern,22880
2019-10-21,Application/3D,2474
2019-10-21,Argyle,3
2019-10-21,Chambray,124
2019-10-21,Check,7367
2019-10-21,Colour blocking,1835
2019-10-21,Contrast,1831
2019-10-21,Denim,12876
2019-10-21,Dot,1087
2019-10-21,Embroidery,2181
2019-10-21,Front print,2140
2019-10-21,Glittering/Metallic,2286
2019-10-21,Jacquard,2215
2019-10-21,Lace,4285
2019-10-21,Melange,26153
2019-10-21,Mesh,237
2019-10-21,Metallic,443
2019-10-21,Mixed solid/pattern,324
2019-10-21,Neps,356
2019-10-21,Other pattern,292
2019-10-21,Other structure,4206
2019-10-21,Placement print,2263
2019-10-21,Sequin,1143
2019-10-21,Slub,84
2019-10-21,Solid,140851
2019-10-21,Stripe,6148
2019-10-21,Transparent,131
2019-10-21,Treatment,928
2019-10-21,Unknown,35
2019-10-28,All over pattern,23975
2019-10-28,Application/3D,3479
2019-10-28,Argyle,5
2019-10-28,Chambray,96
2019-10-28,Check,8706
2019-10-28,Colour blocking,1959
2019-10-28,Contrast,1945
2019-10-28,Denim,13815
2019-10-28,Dot,1279
2019-10-28,Embroidery,1878
2019-10-28,Front print,1919
2019-10-28,Glittering/Metallic,2987
2019-10-28,Jacquard,3346
2019-10-28,Lace,5334
2019-10-28,Melange,30961
2019-10-28,Mesh,197
2019-10-28,Metallic,534
2019-10-28,Mixed solid/pattern,323
2019-10-28,Neps,418
2019-10-28,Other pattern,345
2019-10-28,Other structure,4733
2019-10-28,Placement print,2066
2019-10-28,Sequin,1357
2019-10-28,Slub,75
2019-10-28,Solid,161047
2019-10-28,Stripe,5599
2019-10-28,Transparent,124
2019-10-28,Treatment,1165
2019-10-28,Unknown,26
2019-11-04,All over pattern,17824
2019-11-04,Application/3D,3002
2019-11-04,Argyle,5
2019-11-04,Chambray,88
2019-11-04,Check,6193
2019-11-04,Colour blocking,1368
2019-11-04,Contrast,1429
2019-11-04,Denim,9565
2019-11-04,Dot,928
2019-11-04,Embroidery,1447
2019-11-04,Front print,1494
2019-11-04,Glittering/Metallic,2832
2019-11-04,Jacquard,2424
2019-11-04,Lace,3867
2019-11-04,Melange,20585
2019-11-04,Mesh,140
2019-11-04,Metallic,566
2019-11-04,Mixed solid/pattern,307
2019-11-04,Neps,273
2019-11-04,Other pattern,256
2019-11-04,Other structure,3806
2019-11-04,Placement print,1698
2019-11-04,Sequin,1131
2019-11-04,Slub,53
2019-11-04,Solid,115334
2019-11-04,Stripe,4041
2019-11-04,Transparent,88
2019-11-04,Treatment,876
2019-11-04,Unknown,22
2019-11-11,All over pattern,17616
2019-11-11,Application/3D,3464
2019-11-11,Argyle,4
2019-11-11,Chambray,72
2019-11-11,Check,6069
2019-11-11,Colour blocking,1335
2019-11-11,Contrast,1488
2019-11-11,Denim,9213
2019-11-11,Dot,859
2019-11-11,Embroidery,1763
2019-11-11,Front print,1363
2019-11-11,Glittering/Metallic,3521
2019-11-11,Jacquard,2730
2019-11-11,Lace,4003
2019-11-11,Melange,21237
2019-11-11,Mesh,134
2019-11-11,Metallic,565
2019-11-11,Mixed solid/pattern,355
2019-11-11,Neps,325
2019-11-11,Other pattern,289
2019-11-11,Other structure,3878
2019-11-11,Placement print,1718
2019-11-11,Sequin,1507
2019-11-11,Slub,60
2019-11-11,Solid,119413
2019-11-11,Stripe,3911
2019-11-11,Transparent,88
2019-11-11,Treatment,801
2019-11-11,Unknown,24
2019-11-18,All over pattern,15853
2019-11-18,Application/3D,2930
2019-11-18,Argyle,4
2019-11-18,Chambray,72
2019-11-18,Check,5930
2019-11-18,Colour blocking,1350
2019-11-18,Contrast,1502
2019-11-18,Denim,8576
2019-11-18,Dot,887
2019-11-18,Embroidery,1539
2019-11-18,Front print,1375
2019-11-18,Glittering/Metallic,3752
2019-11-18,Jacquard,2353
2019-11-18,Lace,3844
2019-11-18,Melange,19656
2019-11-18,Mesh,92
2019-11-18,Metallic,601
2019-11-18,Mixed solid/pattern,305
2019-11-18,Neps,324
2019-11-18,Other pattern,293
2019-11-18,Other structure,3329
2019-11-18,Placement print,1651
2019-11-18,Sequin,1559
2019-11-18,Slub,66
2019-11-18,Solid,112678
2019-11-18,Stripe,3480
2019-11-18,Transparent,116
2019-11-18,Treatment,764
2019-11-18,Unknown,21
2019-11-25,All over pattern,38654
2019-11-25,Application/3D,6635
2019-11-25,Argyle,2
2019-11-25,Chambray,187
2019-11-25,Check,14499
2019-11-25,Colour blocking,4281
2019-11-25,Contrast,4362
2019-11-25,Denim,26372
2019-11-25,Dot,2416
2019-11-25,Embroidery,3183
2019-11-25,Front print,4418
2019-11-25,Glittering/Metallic,8013
2019-11-25,Jacquard,6685
2019-11-25,Lace,8781
2019-11-25,Melange,64080
2019-11-25,Mesh,255
2019-11-25,Metallic,1261
2019-11-25,Mixed solid/pattern,825
2019-11-25,Neps,1014
2019-11-25,Other pattern,1097
2019-11-25,Other structure,7062
2019-11-25,Placement print,3321
2019-11-25,Sequin,3012
2019-11-25,Slub,96
2019-11-25,Solid,288480
2019-11-25,Stripe,8770
2019-11-25,Transparent,225
2019-11-25,Treatment,1907
2019-11-25,Unknown,36
2019-12-02,All over pattern,17852
2019-12-02,Application/3D,2178
2019-12-02,Argyle,6
2019-12-02,Chambray,76
2019-12-02,Check,7986
2019-12-02,Colour blocking,1517
2019-12-02,Contrast,2007
2019-12-02,Denim,11261
2019-12-02,Dot,758
2019-12-02,Embroidery,1284
2019-12-02,Front print,1719
2019-12-02,Glittering/Metallic,3623
2019-12-02,Jacquard,3130
2019-12-02,Lace,3477
2019-12-02,Melange,19372
2019-12-02,Mesh,135
2019-12-02,Metallic,570
2019-12-02,Mixed solid/pattern,440
2019-12-02,Neps,452
2019-12-02,Other pattern,330
2019-12-02,Other structure,2808
2019-12-02,Placement print,1645
2019-12-02,Sequin,2627
2019-12-02,Slub,37
2019-12-02,Solid,117893
2019-12-02,Stripe,3185
2019-12-02,Transparent,147
2019-12-02,Treatment,785
2019-12-02,Unknown,21
2019-12-09,All over pattern,19631
2019-12-09,Application/3D,2334
2019-12-09,Argyle,3
2019-12-09,Chambray,129
2019-12-09,Check,7238
2019-12-09,Colour blocking,1431
2019-12-09,Contrast,1461
2019-12-09,Denim,9818
2019-12-09,Dot,871
2019-12-09,Embroidery,1432
2019-12-09,Front print,1640
2019-12-09,Glittering/Metallic,4877
2019-12-09,Jacquard,3307
2019-12-09,Lace,3424
2019-12-09,Melange,16279
2019-12-09,Mesh,197
2019-12-09,Metallic,593
2019-12-09,Mixed solid/pattern,489
2019-12-09,Neps,320
2019-12-09,Other pattern,280
2019-12-09,Other structure,3191
2019-12-09,Placement print,1711
2019-12-09,Sequin,3434
2019-12-09,Slub,40
2019-12-09,Solid,118121
2019-12-09,Stripe,3178
2019-12-09,Transparent,159
2019-12-09,Treatment,632
2019-12-09,Unknown,13
2019-12-16,All over pattern,35695
2019-12-16,Application/3D,3531
2019-12-16,Argyle,13
2019-12-16,Chambray,254
2019-12-16,Check,14228
2019-12-16,Colour blocking,2607
2019-12-16,Contrast,3293
2019-12-16,Denim,14765
2019-12-16,Dot,1813
2019-12-16,Embroidery,2600
2019-12-16,Front print,4041
2019-12-16,Glittering/Metallic,5676
2019-12-16,Jacquard,5572
2019-12-16,Lace,5290
2019-12-16,Melange,31275
2019-12-16,Mesh,237
2019-12-16,Metallic,856
2019-12-16,Mixed solid/pattern,800
2019-12-16,Neps,711
2019-12-16,Other pattern,557
2019-12-16,Other structure,5076
2019-12-16,Placement print,3214
2019-12-16,Sequin,3458
2019-12-16,Slub,121
2019-12-16,Solid,185347
2019-12-16,Stripe,6413
2019-12-16,Transparent,307
2019-12-16,Treatment,980
2019-12-16,Unknown,14
2019-12-23,All over pattern,23828
2019-12-23,Application/3D,2028
2019-12-23,Argyle,28
2019-12-23,Chambray,171
2019-12-23,Check,8571
2019-12-23,Colour blocking,1867
2019-12-23,Contrast,2250
2019-12-23,Denim,11499
2019-12-23,Dot,1405
2019-12-23,Embroidery,1903
2019-12-23,Front print,2892
2019-12-23,Glittering/Metallic,3036
2019-12-23,Jacquard,2923
2019-12-23,Lace,3466
2019-12-23,Melange,21441
2019-12-23,Mesh,204
2019-12-23,Metallic,556
2019-12-23,Mixed solid/pattern,648
2019-12-23,Neps,546
2019-12-23,Other pattern,301
2019-12-23,Other structure,3962
2019-12-23,Placement print,2727
2019-12-23,Sequin,1886
2019-12-23,Slub,79
2019-12-23,Solid,133768
2019-12-23,Stripe,5301
2019-12-23,Transparent,176
2019-12-23,Treatment,767
2019-12-23,Unknown,12
2019-12-30,All over pattern,22961
2019-12-30,Application/3D,2060
2019-12-30,Argyle,8
2019-12-30,Chambray,126
2019-12-30,Check,8184
2019-12-30,Colour blocking,2114
2019-12-30,Contrast,2311
2019-12-30,Denim,13640
2019-12-30,Dot,1946
2019-12-30,Embroidery,2436
2019-12-30,Front print,2741
2019-12-30,Glittering/Metallic,2079
2019-12-30,Jacquard,2555
2019-12-30,Lace,2967
2019-12-30,Melange,21957
2019-12-30,Mesh,278
2019-12-30,Metallic,491
2019-12-30,Mixed solid/pattern,476
2019-12-30,Neps,406
2019-12-30,Other pattern,260
2019-12-30,Other structure,4226
2019-12-30,Placement print,2917
2019-12-30,Sequin,1580
2019-12-30,Slub,113
2019-12-30,Solid,137238
2019-12-30,Stripe,5533
2019-12-30,Transparent,167
2019-12-30,Treatment,645
2019-12-30,Unknown,27
2020-01-06,All over pattern,25686
2020-01-06,Application/3D,1337
2020-01-06,Argyle,8
2020-01-06,Chambray,111
2020-01-06,Check,7234
2020-01-06,Colour blocking,1924
2020-01-06,Contrast,1889
2020-01-06,Denim,13888
2020-01-06,Dot,1886
2020-01-06,Embroidery,2386
2020-01-06,Front print,2248
2020-01-06,Glittering/Metallic,1554
2020-01-06,Hologram,1
2020-01-06,Jacquard,1978
2020-01-06,Lace,2875
2020-01-06,Melange,19585
2020-01-06,Mesh,358
2020-01-06,Metallic,366
2020-01-06,Mixed solid/pattern,385
2020-01-06,Neps,247
2020-01-06,Other pattern,193
2020-01-06,Other structure,5104
2020-01-06,Placement print,2758
2020-01-06,Sequin,1085
2020-01-06,Slub,155
2020-01-06,Solid,138139
2020-01-06,Stripe,5583
2020-01-06,Transparent,131
2020-01-06,Treatment,620
2020-01-06,Unknown,3
2020-01-13,All over pattern,25397
2020-01-13,Application/3D,1004
2020-01-13,Argyle,5
2020-01-13,Chambray,87
2020-01-13,Check,5571
2020-01-13,Colour blocking,1719
2020-01-13,Contrast,1363
2020-01-13,Denim,12371
2020-01-13,Dot,1914
2020-01-13,Embroidery,2193
2020-01-13,Front print,2206
2020-01-13,Glittering/Metallic,1361
2020-01-13,Jacquard,1845
2020-01-13,Lace,2349
2020-01-13,Melange,17693
2020-01-13,Mesh,384
2020-01-13,Metallic,312
2020-01-13,Mixed solid/pattern,469
2020-01-13,Neps,166
2020-01-13,Other pattern,155
2020-01-13,Other structure,5880
2020-01-13,Placement print,2418
2020-01-13,Sequin,767
2020-01-13,Slub,134
2020-01-13,Solid,131369
2020-01-13,Stripe,5441
2020-01-13,Transparent,136
2020-01-13,Treatment,564
2020-01-13,Unknown,10
2020-01-20,All over pattern,28267
2020-01-20,Application/3D,1036
2020-01-20,Argyle,9
2020-01-20,Chambray,88
2020-01-20,Check,6242
2020-01-20,Colour blocking,1912
2020-01-20,Contrast,1697
2020-01-20,Denim,13920
2020-01-20,Dot,1866
2020-01-20,Embroidery,2209
2020-01-20,Front print,2419
2020-01-20,Glittering/Metallic,1590
2020-01-20,Jacquard,1858
2020-01-20,Lace,2704
2020-01-20,Melange,19711
2020-01-20,Mesh,587
2020-01-20,Metallic,294
2020-01-20,Mixed solid/pattern,696
2020-01-20,Neps,187
2020-01-20,Other pattern,209
2020-01-20,Other structure,6520
2020-01-20,Placement print,2530
2020-01-20,Sequin,904
2020-01-20,Slub,134
2020-01-20,Solid,146351
2020-01-20,Stripe,6286
2020-01-20,Transparent,114
2020-01-20,Treatment,599
2020-01-20,Unknown,15
2020-01-27,All over pattern,26088
2020-01-27,Application/3D,1112
2020-01-27,Argyle,6
2020-01-27,Chambray,77
2020-01-27,Check,5952
2020-01-27,Colour blocking,1691
2020-01-27,Contrast,1625
2020-01-27,Denim,16314
2020-01-27,Dot,1626
2020-01-27,Embroidery,2321
2020-01-27,Front print,2163
2020-01-27,Glittering/Metallic,1722
2020-01-27,Jacquard,1515
2020-01-27,Lace,2423
2020-01-27,Melange,18282
2020-01-27,Mesh,864
2020-01-27,Metallic,322
2020-01-27,Mixed solid/pattern,541
2020-01-27,Neps,181
2020-01-27,Other pattern,261
2020-01-27,Other structure,6852
2020-01-27,Placement print,2343
2020-01-27,Sequin,844
2020-01-27,Slub,111
2020-01-27,Solid,144600
2020-01-27,Stripe,6176
2020-01-27,Transparent,129
2020-01-27,Treatment,517
2020-01-27,Unknown,12
2020-02-03,All over pattern,27303
2020-02-03,Application/3D,875
2020-02-03,Argyle,8
2020-02-03,Chambray,82
2020-02-03,Check,5940
2020-02-03,Colour blocking,1577
2020-02-03,Contrast,1395
2020-02-03,Denim,16021
2020-02-03,Dot,1664
2020-02-03,Embroidery,2324
2020-02-03,Front print,2008
2020-02-03,Glittering/Metallic,1641
2020-02-03,Hologram,2
2020-02-03,Jacquard,1350
2020-02-03,Lace,2282
2020-02-03,Melange,16552
2020-02-03,Mesh,822
2020-02-03,Metallic,528
2020-02-03,Mixed solid/pattern,527
2020-02-03,Neps,164
2020-02-03,Other pattern,244
2020-02-03,Other structure,7469
2020-02-03,Placement print,2643
2020-02-03,Sequin,695
2020-02-03,Slub,112
2020-02-03,Solid,149289
2020-02-03,Stripe,6887
2020-02-03,Transparent,129
2020-02-03,Treatment,517
2020-02-03,Unknown,17
2020-02-10,All over pattern,24196
2020-02-10,Application/3D,671
2020-02-10,Argyle,2
2020-02-10,Chambray,65
2020-02-10,Check,5324
2020-02-10,Colour blocking,1358
2020-02-10,Contrast,1159
2020-02-10,Denim,14625
2020-02-10,Dot,1544
2020-02-10,Embroidery,2513
2020-02-10,Front print,1910
2020-02-10,Glittering/Metallic,1299
2020-02-10,Hologram,2
2020-02-10,Jacquard,1278
2020-02-10,Lace,2255
2020-02-10,Melange,13480
2020-02-10,Mesh,685
2020-02-10,Metallic,528
2020-02-10,Mixed solid/pattern,464
2020-02-10,Neps,109
2020-02-10,Other pattern,150
2020-02-10,Other structure,7131
2020-02-10,Placement print,2575
2020-02-10,Sequin,810
2020-02-10,Slub,71
2020-02-10,Solid,137496
2020-02-10,Stripe,6817
2020-02-10,Transparent,101
2020-02-10,Treatment,459
2020-02-10,Unknown,13
2020-02-17,All over pattern,26419
2020-02-17,Application/3D,740
2020-02-17,Argyle,7
2020-02-17,Chambray,92
2020-02-17,Check,5220
2020-02-17,Colour blocking,1394
2020-02-17,Contrast,1067
2020-02-17,Denim,13915
2020-02-17,Dot,1760
2020-02-17,Embroidery,2661
2020-02-17,Front print,2234
2020-02-17,Glittering/Metallic,1388
2020-02-17,Hologram,1
2020-02-17,Jacquard,1278
2020-02-17,Lace,2132
2020-02-17,Melange,12811
2020-02-17,Mesh,523
2020-02-17,Metallic,511
2020-02-17,Mixed solid/pattern,459
2020-02-17,Neps,93
2020-02-17,Other pattern,196
2020-02-17,Other structure,7296
2020-02-17,Placement print,2563
2020-02-17,Sequin,591
2020-02-17,Slub,102
2020-02-17,Solid,137228
2020-02-17,Stripe,7518
2020-02-17,Transparent,137
2020-02-17,Treatment,522
2020-02-17,Unknown,9
2020-02-24,All over pattern,29166
2020-02-24,Application/3D,678
2020-02-24,Argyle,9
2020-02-24,Chambray,102
2020-02-24,Check,5858
2020-02-24,Colour blocking,1335
2020-02-24,Contrast,1308
2020-02-24,Denim,17085
2020-02-24,Dot,2166
2020-02-24,Embroidery,3253
2020-02-24,Front print,2729
2020-02-24,Glittering/Metallic,1195
2020-02-24,Hologram,1
2020-02-24,Jacquard,1179
2020-02-24,Lace,2299
2020-02-24,Melange,13869
2020-02-24,Mesh,606
2020-02-24,Metallic,480
2020-02-24,Mixed solid/pattern,497
2020-02-24,Neps,141
2020-02-24,Other pattern,179
2020-02-24,Other structure,9125
2020-02-24,Placement print,2701
2020-02-24,Sequin,386
2020-02-24,Slub,112
2020-02-24,Solid,153187
2020-02-24,Stripe,8192
2020-02-24,Transparent,143
2020-02-24,Treatment,525
2020-02-24,Unknown,7
2020-03-02,All over pattern,34251
2020-03-02,Application/3D,858
2020-03-02,Argyle,2
2020-03-02,Chambray,159
2020-03-02,Check,6008
2020-03-02,Colour blocking,1877
2020-03-02,Contrast,1913
2020-03-02,Denim,18159
2020-03-02,Dot,3082
2020-03-02,Embroidery,4141
2020-03-02,Front print,2930
2020-03-02,Glittering/Metallic,1362
2020-03-02,Hologram,1
2020-03-02,Jacquard,1890
2020-03-02,Lace,3109
2020-03-02,Melange,16186
2020-03-02,Mesh,691
2020-03-02,Metallic,529
2020-03-02,Mixed solid/pattern,493
2020-03-02,Neps,108
2020-03-02,Other pattern,187
2020-03-02,Other structure,8928
2020-03-02,Placement print,3223
2020-03-02,Sequin,375
2020-03-02,Slub,102
2020-03-02,Solid,174381
2020-03-02,Stripe,9453
2020-03-02,Transparent,184
2020-03-02,Treatment,532
2020-03-02,Unknown,9
2020-03-09,All over pattern,26862
2020-03-09,Application/3D,569
2020-03-09,Argyle,1
2020-03-09,Chambray,162
2020-03-09,Check,4507
2020-03-09,Colour blocking,1264
2020-03-09,Contrast,1429
2020-03-09,Denim,15587
2020-03-09,Dot,1848
2020-03-09,Embroidery,3836
2020-03-09,Front print,1910
2020-03-09,Glittering/Metallic,1258
2020-03-09,Hologram,1
2020-03-09,Jacquard,1106
2020-03-09,Lace,2419
2020-03-09,Melange,12489
2020-03-09,Mesh,557
2020-03-09,Metallic,391
2020-03-09,Mixed solid/pattern,324
2020-03-09,Neps,70
2020-03-09,Other pattern,185
2020-03-09,Other structure,7448
2020-03-09,Placement print,3073
2020-03-09,Sequin,279
2020-03-09,Slub,65
2020-03-09,Solid,139048
2020-03-09,Stripe,7857
2020-03-09,Transparent,101
2020-03-09,Treatment,450
2020-03-09,Unknown,6
2020-03-16,All over pattern,17893
2020-03-16,Application/3D,319
2020-03-16,Argyle,2
2020-03-16,Chambray,90
2020-03-16,Check,2879
2020-03-16,Colour blocking,768
2020-03-16,Contrast,852
2020-03-16,Denim,13535
2020-03-16,Dot,1622
2020-03-16,Embroidery,2854
2020-03-16,Front print,1675
2020-03-16,Glittering/Metallic,795
2020-03-16,Jacquard,620
2020-03-16,Lace,1624
2020-03-16,Melange,9310
2020-03-16,Mesh,693
2020-03-16,Metallic,237
2020-03-16,Mixed solid/pattern,336
2020-03-16,Neps,44
2020-03-16,Other pattern,228
2020-03-16,Other structure,4762
2020-03-16,Placement print,2613
2020-03-16,Sequin,90
2020-03-16,Slub,77
2020-03-16,Solid,113779
2020-03-16,Stripe,5468
2020-03-16,Transparent,56
2020-03-16,Treatment,430
2020-03-16,Unknown,5
2020-03-23,All over pattern,21125
2020-03-23,Application/3D,329
2020-03-23,Chambray,104
2020-03-23,Check,2928
2020-03-23,Colour blocking,873
2020-03-23,Contrast,941
2020-03-23,Denim,17247
2020-03-23,Dot,1968
2020-03-23,Embroidery,2840
2020-03-23,Front print,1949
2020-03-23,Glittering/Metallic,754
2020-03-23,Jacquard,530
2020-03-23,Lace,1819
2020-03-23,Melange,10865
2020-03-23,Mesh,657
2020-03-23,Metallic,264
2020-03-23,Mixed solid/pattern,470
2020-03-23,Neps,11
2020-03-23,Other pattern,409
2020-03-23,Other structure,5556
2020-03-23,Placement print,2887
2020-03-23,Sequin,88
2020-03-23,Slub,88
2020-03-23,Solid,143483
2020-03-23,Stripe,7053
2020-03-23,Transparent,78
2020-03-23,Treatment,521
2020-03-23,Unknown,6
2020-03-30,All over pattern,34619
2020-03-30,Application/3D,312
2020-03-30,Chambray,176
2020-03-30,Check,3904
2020-03-30,Colour blocking,1312
2020-03-30,Contrast,1071
2020-03-30,Denim,25946
2020-03-30,Dot,5980
2020-03-30,Embroidery,3448
2020-03-30,Front print,2120
2020-03-30,Glittering/Metallic,938
2020-03-30,Jacquard,789
2020-03-30,Lace,2224
2020-03-30,Melange,13591
2020-03-30,Mesh,1180
2020-03-30,Metallic,472
2020-03-30,Mixed solid/pattern,794
2020-03-30,Neps,21
2020-03-30,Other pattern,178
2020-03-30,Other structure,10361
2020-03-30,Placement print,3336
2020-03-30,Sequin,84
2020-03-30,Slub,122
2020-03-30,Solid,198145
2020-03-30,Stripe,9960
2020-03-30,Transparent,79
2020-03-30,Treatment,832
2020-03-30,Unknown,3
2020-04-06,All over pattern,47899
2020-04-06,Application/3D,404
2020-04-06,Chambray,1028
2020-04-06,Check,3623
2020-04-06,Colour blocking,1179
2020-04-06,Contrast,777
2020-04-06,Denim,36879
2020-04-06,Dot,5874
2020-04-06,Embroidery,6654
2020-04-06,Front print,2757
2020-04-06,Glittering/Metallic,1165
2020-04-06,Jacquard,1092
2020-04-06,Lace,3100
2020-04-06,Melange,15347
2020-04-06,Mesh,1388
2020-04-06,Metallic,702
2020-04-06,Mixed solid/pattern,1323
2020-04-06,Neps,67
2020-04-06,Other pattern,160
2020-04-06,Other structure,18638
2020-04-06,Placement print,3809
2020-04-06,Sequin,120
2020-04-06,Slub,245
2020-04-06,Solid,253570
2020-04-06,Stripe,17518
2020-04-06,Transparent,83
2020-04-06,Treatment,888
2020-04-06,Unknown,5
2020-04-13,All over pattern,24960
2020-04-13,Application/3D,243
2020-04-13,Chambray,681
2020-04-13,Check,1900
2020-04-13,Colour blocking,654
2020-04-13,Contrast,432
2020-04-13,Denim,18461
2020-04-13,Dot,2547
2020-04-13,Embroidery,3118
2020-04-13,Front print,1690
2020-04-13,Glittering/Metallic,532
2020-04-13,Jacquard,888
2020-04-13,Lace,1528
2020-04-13,Melange,7819
2020-04-13,Mesh,863
2020-04-13,Metallic,353
2020-04-13,Mixed solid/pattern,615
2020-04-13,Neps,50
2020-04-13,Other pattern,83
2020-04-13,Other structure,8160
2020-04-13,Placement print,1694
2020-04-13,Sequin,75
2020-04-13,Slub,137
2020-04-13,Solid,136446
2020-04-13,Stripe,9321
2020-04-13,Transparent,82
2020-04-13,Treatment,311
2020-04-20,All over pattern,36603
2020-04-20,Application/3D,385
2020-04-20,Chambray,649
2020-04-20,Check,2433
2020-04-20,Colour blocking,800
2020-04-20,Contrast,653
2020-04-20,Denim,23809
2020-04-20,Dot,3340
2020-04-20,Embroidery,2737
2020-04-20,Front print,1745
2020-04-20,Glittering/Metallic,584
2020-04-20,Jacquard,1010
2020-04-20,Lace,2460
2020-04-20,Melange,9457
2020-04-20,Mesh,876
2020-04-20,Metallic,519
2020-04-20,Mixed solid/pattern,806
2020-04-20,Neps,80
2020-04-20,Other pattern,83
2020-04-20,Other structure,12735
2020-04-20,Placement print,1638
2020-04-20,Sequin,106
2020-04-20,Slub,180
2020-04-20,Solid,184202
2020-04-20,Stripe,13608
2020-04-20,Transparent,90
2020-04-20,Treatment,419
2020-04-20,Unknown,1
2020-04-27,All over pattern,24482
2020-04-27,Application/3D,247
2020-04-27,Chambray,338
2020-04-27,Check,2077
2020-04-27,Colour blocking,709
2020-04-27,Contrast,604
2020-04-27,Denim,19655
2020-04-27,Dot,1981
2020-04-27,Embroidery,1720
2020-04-27,Front print,1549
2020-04-27,Glittering/Metallic,366
2020-04-27,Jacquard,602
2020-04-27,Lace,2883
2020-04-27,Melange,7948
2020-04-27,Mesh,461
2020-04-27,Metallic,257
2020-04-27,Mixed solid/pattern,579
2020-04-27,Neps,41
2020-04-27,Other pattern,56
2020-04-27,Other structure,8400
2020-04-27,Placement print,1241
2020-04-27,Sequin,81
2020-04-27,Slub,212
2020-04-27,Solid,136784
2020-04-27,Stripe,9372
2020-04-27,Transparent,77
2020-04-27,Treatment,254
2020-04-27,Unknown,1
2020-05-04,All over pattern,27860
2020-05-04,Application/3D,388
2020-05-04,Chambray,349
2020-05-04,Check,2125
2020-05-04,Colour blocking,668
2020-05-04,Contrast,741
2020-05-04,Denim,20126
2020-05-04,Dot,2035
2020-05-04,Embroidery,2271
2020-05-04,Front print,2167
2020-05-04,Glittering/Metallic,581
2020-05-04,Jacquard,567
2020-05-04,Lace,2288
2020-05-04,Melange,8151
2020-05-04,Mesh,616
2020-05-04,Metallic,426
2020-05-04,Mixed solid/pattern,590
2020-05-04,Neps,59
2020-05-04,Other pattern,124
2020-05-04,Other structure,12697
2020-05-04,Placement print,1750
2020-05-04,Sequin,92
2020-05-04,Slub,291
2020-05-04,Solid,141105
2020-05-04,Stripe,9554
2020-05-04,Transparent,134
2020-05-04,Treatment,365
2020-05-04,Unknown,1
2020-05-11,All over pattern,32153
2020-05-11,Application/3D,468
2020-05-11,Argyle,5
2020-05-11,Chambray,376
2020-05-11,Check,2450
2020-05-11,Colour blocking,738
2020-05-11,Contrast,725
2020-05-11,Denim,21292
2020-05-11,Dot,2576
2020-05-11,Embroidery,3716
2020-05-11,Front print,1654
2020-05-11,Glittering/Metallic,889
2020-05-11,Hologram,3
2020-05-11,Jacquard,800
2020-05-11,Lace,2040
2020-05-11,Melange,9536
2020-05-11,Mesh,667
2020-05-11,Metallic,581
2020-05-11,Mixed solid/pattern,592
2020-05-11,Neps,103
2020-05-11,Other pattern,149
2020-05-11,Other structure,21350
2020-05-11,Placement print,2237
2020-05-11,Sequin,103
2020-05-11,Slub,226
2020-05-11,Solid,163804
2020-05-11,Stripe,10733
2020-05-11,Transparent,220
2020-05-11,Treatment,368
2020-05-11,Unknown,1
2020-05-18,All over pattern,53637
2020-05-18,Application/3D,771
2020-05-18,Argyle,4
2020-05-18,Chambray,574
2020-05-18,Check,3460
2020-05-18,Colour blocking,962
2020-05-18,Contrast,931
2020-05-18,Denim,24132
2020-05-18,Dot,3444
2020-05-18,Embroidery,4732
2020-05-18,Front print,2485
2020-05-18,Glittering/Metallic,1193
2020-05-18,Hologram,7
2020-05-18,Jacquard,1269
2020-05-18,Lace,2629
2020-05-18,Melange,12512
2020-05-18,Mesh,694
2020-05-18,Metallic,768
2020-05-18,Mixed solid/pattern,853
2020-05-18,Neps,119
2020-05-18,Other pattern,161
2020-05-18,Other structure,27630
2020-05-18,Placement print,2771
2020-05-18,Sequin,139
2020-05-18,Slub,206
2020-05-18,Solid,212526
2020-05-18,Stripe,15351
2020-05-18,Transparent,285
2020-05-18,Treatment,390
2020-05-18,Unknown,1
2020-05-25,All over pattern,55221
2020-05-25,Application/3D,615
2020-05-25,Argyle,3
2020-05-25,Chambray,610
2020-05-25,Check,3281
2020-05-25,Colour blocking,899
2020-05-25,Contrast,964
2020-05-25,Denim,25129
2020-05-25,Dot,3183
2020-05-25,Embroidery,4711
2020-05-25,Front print,2324
2020-05-25,Glittering/Metallic,1109
2020-05-25,Hologram,4
2020-05-25,Jacquard,1040
2020-05-25,Lace,3472
2020-05-25,Melange,12155
2020-05-25,Mesh,723
2020-05-25,Metallic,911
2020-05-25,Mixed solid/pattern,928
2020-05-25,Neps,128
2020-05-25,Other pattern,249
2020-05-25,Other structure,22659
2020-05-25,Placement print,3200
2020-05-25,Sequin,155
2020-05-25,Slub,253
2020-05-25,Solid,221026
2020-05-25,Stripe,17756
2020-05-25,Transparent,330
2020-05-25,Treatment,372
2020-05-25,Unknown,2
2020-06-01,All over pattern,44617
2020-06-01,Application/3D,460
2020-06-01,Argyle,4
2020-06-01,Chambray,520
2020-06-01,Check,3194
2020-06-01,Colour blocking,977
2020-06-01,Contrast,934
2020-06-01,Denim,21729
2020-06-01,Dot,3135
2020-06-01,Embroidery,3731
2020-06-01,Front print,2262
2020-06-01,Glittering/Metallic,904
2020-06-01,Jacquard,873
2020-06-01,Lace,3055
2020-06-01,Melange,10716
2020-06-01,Mesh,584
2020-06-01,Metallic,668
2020-06-01,Mixed solid/pattern,1275
2020-06-01,Neps,106
2020-06-01,Other pattern,255
2020-06-01,Other structure,16633
2020-06-01,Placement print,3069
2020-06-01,Sequin,158
2020-06-01,Slub,223
2020-06-01,Solid,185950
2020-06-01,Stripe,14581
2020-06-01,Transparent,322
2020-06-01,Treatment,322
2020-06-01,Unknown,2
2020-06-08,All over pattern,38484
2020-06-08,Application/3D,426
2020-06-08,Argyle,3
2020-06-08,Chambray,461
2020-06-08,Check,2821
2020-06-08,Colour blocking,718
2020-06-08,Contrast,738
2020-06-08,Denim,18711
2020-06-08,Dot,2911
2020-06-08,Embroidery,3628
2020-06-08,Front print,1914
2020-06-08,Glittering/Metallic,992
2020-06-08,Jacquard,739
2020-06-08,Lace,2929
2020-06-08,Melange,9578
2020-06-08,Mesh,500
2020-06-08,Metallic,627
2020-06-08,Mixed solid/pattern,997
2020-06-08,Neps,113
2020-06-08,Other pattern,308
2020-06-08,Other structure,13520
2020-06-08,Placement print,2290
2020-06-08,Sequin,198
2020-06-08,Slub,186
2020-06-08,Solid,170375
2020-06-08,Stripe,11314
2020-06-08,Transparent,310
2020-06-08,Treatment,300
2020-06-08,Unknown,4
2020-06-15,All over pattern,69987
2020-06-15,Application/3D,918
2020-06-15,Argyle,5
2020-06-15,Chambray,641
2020-06-15,Check,4727
2020-06-15,Colour blocking,1365
2020-06-15,Contrast,1705
2020-06-15,Denim,31513
2020-06-15,Dot,5062
2020-06-15,Embroidery,6149
2020-06-15,Front print,2917
2020-06-15,Glittering/Metallic,1428
2020-06-15,Hologram,7
2020-06-15,Jacquard,1293
2020-06-15,Lace,7145
2020-06-15,Melange,13993
2020-06-15,Mesh,1114
2020-06-15,Metallic,978
2020-06-15,Mixed solid/pattern,1450
2020-06-15,Neps,142
2020-06-15,Other pattern,400
2020-06-15,Other structure,18752
2020-06-15,Placement print,3419
2020-06-15,Sequin,294
2020-06-15,Slub,1034
2020-06-15,Solid,288132
2020-06-15,Stripe,22071
2020-06-15,Transparent,314
2020-06-15,Treatment,367
2020-06-15,Unknown,2
2020-06-22,All over pattern,80162
2020-06-22,Application/3D,780
2020-06-22,Argyle,2
2020-06-22,Chambray,1155
2020-06-22,Check,5465
2020-06-22,Colour blocking,1276
2020-06-22,Contrast,1588
2020-06-22,Denim,33928
2020-06-22,Dot,5032
2020-06-22,Embroidery,7288
2020-06-22,Front print,3711
2020-06-22,Glittering/Metallic,1289
2020-06-22,Hologram,8
2020-06-22,Jacquard,1470
2020-06-22,Lace,7303
2020-06-22,Melange,15135
2020-06-22,Mesh,1217
2020-06-22,Metallic,1217
2020-06-22,Mixed solid/pattern,2435
2020-06-22,Neps,132
2020-06-22,Other pattern,386
2020-06-22,Other structure,27366
2020-06-22,Placement print,4850
2020-06-22,Sequin,387
2020-06-22,Slub,369
2020-06-22,Solid,323594
2020-06-22,Stripe,27220
2020-06-22,Transparent,366
2020-06-22,Treatment,350
2020-06-22,Unknown,2
2020-06-29,All over pattern,46413
2020-06-29,Application/3D,569
2020-06-29,Argyle,3
2020-06-29,Chambray,420
2020-06-29,Check,4615
2020-06-29,Colour blocking,1122
2020-06-29,Contrast,1310
2020-06-29,Denim,23169
2020-06-29,Dot,3385
2020-06-29,Embroidery,5527
2020-06-29,Front print,2873
2020-06-29,Glittering/Metallic,1237
2020-06-29,Hologram,10
2020-06-29,Jacquard,939
2020-06-29,Lace,5367
2020-06-29,Melange,12030
2020-06-29,Mesh,1166
2020-06-29,Metallic,766
2020-06-29,Mixed solid/pattern,1331
2020-06-29,Neps,130
2020-06-29,Other pattern,486
2020-06-29,Other structure,13280
2020-06-29,Placement print,3459
2020-06-29,Sequin,352
2020-06-29,Slub,213
2020-06-29,Solid,219031
2020-06-29,Stripe,15826
2020-06-29,Transparent,332
2020-06-29,Treatment,332
2020-06-29,Unknown,1
2020-07-06,All over pattern,35824
2020-07-06,Application/3D,493
2020-07-06,Argyle,2
2020-07-06,Chambray,272
2020-07-06,Check,3716
2020-07-06,Colour blocking,1491
2020-07-06,Contrast,1024
2020-07-06,Denim,18831
2020-07-06,Dot,2776
2020-07-06,Embroidery,4270
2020-07-06,Front print,2128
2020-07-06,Glittering/Metallic,1189
2020-07-06,Hologram,23
2020-07-06,Jacquard,642
2020-07-06,Lace,4017
2020-07-06,Melange,9694
2020-07-06,Mesh,1354
2020-07-06,Metallic,536
2020-07-06,Mixed solid/pattern,917
2020-07-06,Neps,91
2020-07-06,Other pattern,525
2020-07-06,Other structure,9956
2020-07-06,Placement print,3692
2020-07-06,Sequin,305
2020-07-06,Slub,197
2020-07-06,Solid,176319
2020-07-06,Stripe,12091
2020-07-06,Transparent,279
2020-07-06,Treatment,280
2020-07-13,All over pattern,37470
2020-07-13,Application/3D,435
2020-07-13,Argyle,1
2020-07-13,Chambray,269
2020-07-13,Check,3418
2020-07-13,Colour blocking,1267
2020-07-13,Contrast,850
2020-07-13,Denim,17285
2020-07-13,Dot,2278
2020-07-13,Embroidery,4471
2020-07-13,Front print,1871
2020-07-13,Glittering/Metallic,1114
2020-07-13,Hologram,20
2020-07-13,Jacquard,617
2020-07-13,Lace,3723
2020-07-13,Melange,9835
2020-07-13,Mesh,1050
2020-07-13,Metallic,540
2020-07-13,Mixed solid/pattern,840
2020-07-13,Neps,122
2020-07-13,Other pattern,436
2020-07-13,Other structure,11094
2020-07-13,Placement print,2935
2020-07-13,Sequin,249
2020-07-13,Slub,190
2020-07-13,Solid,170595
2020-07-13,Stripe,12303
2020-07-13,Transparent,259
2020-07-13,Treatment,257
2020-07-20,All over pattern,34840
2020-07-20,Application/3D,556
2020-07-20,Argyle,3
2020-07-20,Chambray,344
2020-07-20,Check,4233
2020-07-20,Colour blocking,1016
2020-07-20,Contrast,863
2020-07-20,Denim,18729
2020-07-20,Dot,2242
2020-07-20,Embroidery,5540
2020-07-20,Front print,2078
2020-07-20,Glittering/Metallic,1018
2020-07-20,Hologram,18
2020-07-20,Jacquard,565
2020-07-20,Lace,3725
2020-07-20,Melange,10580
2020-07-20,Mesh,894
2020-07-20,Metallic,539
2020-07-20,Mixed solid/pattern,732
2020-07-20,Neps,83
2020-07-20,Other pattern,424
2020-07-20,Other structure,8904
2020-07-20,Placement print,3533
2020-07-20,Sequin,276
2020-07-20,Slub,155
2020-07-20,Solid,182422
2020-07-20,Stripe,11198
2020-07-20,Transparent,340
2020-07-20,Treatment,278
2020-07-20,Unknown,1
2020-07-27,All over pattern,38090
2020-07-27,Application/3D,625
2020-07-27,Argyle,1
2020-07-27,Chambray,295
2020-07-27,Check,4179
2020-07-27,Colour blocking,948
2020-07-27,Contrast,747
2020-07-27,Denim,18989
2020-07-27,Dot,2853
2020-07-27,Embroidery,5849
2020-07-27,Front print,1834
2020-07-27,Glittering/Metallic,979
2020-07-27,Hologram,11
2020-07-27,Jacquard,743
2020-07-27,Lace,4593
2020-07-27,Melange,11092
2020-07-27,Mesh,888
2020-07-27,Metallic,610
2020-07-27,Mixed solid/pattern,839
2020-07-27,Neps,103
2020-07-27,Other pattern,286
2020-07-27,Other structure,9477
2020-07-27,Placement print,3539
2020-07-27,Sequin,286
2020-07-27,Slub,114
2020-07-27,Solid,185861
2020-07-27,Stripe,11641
2020-07-27,Transparent,283
2020-07-27,Treatment,306
2020-08-03,All over pattern,42521
2020-08-03,Application/3D,512
2020-08-03,Argyle,2
2020-08-03,Chambray,299
2020-08-03,Check,3422
2020-08-03,Colour blocking,705
2020-08-03,Contrast,861
2020-08-03,Denim,17760
2020-08-03,Dot,2216
2020-08-03,Embroidery,5848
2020-08-03,Front print,1424
2020-08-03,Glittering/Metallic,786
2020-08-03,Hologram,14
2020-08-03,Jacquard,873
2020-08-03,Lace,3973
2020-08-03,Melange,10886
2020-08-03,Mesh,629
2020-08-03,Metallic,576
2020-08-03,Mixed solid/pattern,982
2020-08-03,Neps,143
2020-08-03,Other pattern,196
2020-08-03,Other structure,12313
2020-08-03,Placement print,3173
2020-08-03,Sequin,200
2020-08-03,Slub,124
2020-08-03,Solid,185427
2020-08-03,Stripe,13397
2020-08-03,Transparent,234
2020-08-03,Treatment,332
2020-08-03,Unknown,2
2020-08-10,All over pattern,35843
2020-08-10,Application/3D,523
2020-08-10,Argyle,1
2020-08-10,Chambray,239
2020-08-10,Check,4219
2020-08-10,Colour blocking,583
2020-08-10,Contrast,686
2020-08-10,Denim,15639
2020-08-10,Dot,1925
2020-08-10,Embroidery,4741
2020-08-10,Front print,1195
2020-08-10,Glittering/Metallic,762
2020-08-10,Hologram,9
2020-08-10,Jacquard,620
2020-08-10,Lace,3629
2020-08-10,Melange,11092
2020-08-10,Mesh,714
2020-08-10,Metallic,508
2020-08-10,Mixed solid/pattern,852
2020-08-10,Neps,177
2020-08-10,Other pattern,195
2020-08-10,Other structure,8290
2020-08-10,Placement print,2700
2020-08-10,Sequin,174
2020-08-10,Slub,112
2020-08-10,Solid,170883
2020-08-10,Stripe,10469
2020-08-10,Transparent,141
2020-08-10,Treatment,465
2020-08-10,Unknown,2
2020-08-17,All over pattern,23958
2020-08-17,Application/3D,566
2020-08-17,Chambray,145
2020-08-17,Check,4605
2020-08-17,Colour blocking,702
2020-08-17,Contrast,633
2020-08-17,Denim,16749
2020-08-17,Dot,1703
2020-08-17,Embroidery,3797
2020-08-17,Front print,1153
2020-08-17,Glittering/Metallic,616
2020-08-17,Hologram,5
2020-08-17,Jacquard,492
2020-08-17,Lace,2976
2020-08-17,Melange,14217
2020-08-17,Mesh,814
2020-08-17,Metallic,409
2020-08-17,Mixed solid/pattern,689
2020-08-17,Neps,82
2020-08-17,Other pattern,184
2020-08-17,Other structure,4904
2020-08-17,Placement print,2992
2020-08-17,Sequin,183
2020-08-17,Slub,99
2020-08-17,Solid,154027
2020-08-17,Stripe,7111
2020-08-17,Transparent,157
2020-08-17,Treatment,608
2020-08-17,Unknown,1
2020-08-24,All over pattern,21131
2020-08-24,Application/3D,855
2020-08-24,Chambray,79
2020-08-24,Check,7113
2020-08-24,Colour blocking,1145
2020-08-24,Contrast,791
2020-08-24,Denim,22602
2020-08-24,Dot,1462
2020-08-24,Embroidery,4370
2020-08-24,Front print,1442
2020-08-24,Glittering/Metallic,740
2020-08-24,Hologram,8
2020-08-24,Jacquard,628
2020-08-24,Lace,2971
2020-08-24,Melange,21074
2020-08-24,Mesh,1015
2020-08-24,Metallic,411
2020-08-24,Mixed solid/pattern,712
2020-08-24,Neps,89
2020-08-24,Other pattern,200
2020-08-24,Other structure,4783
2020-08-24,Placement print,3974
2020-08-24,Sequin,168
2020-08-24,Slub,74
2020-08-24,Solid,180125
2020-08-24,Stripe,7227
2020-08-24,Transparent,158
2020-08-24,Treatment,1177
2020-08-24,Unknown,1
2020-08-31,All over pattern,18180
2020-08-31,Application/3D,627
2020-08-31,Argyle,4
2020-08-31,Chambray,85
2020-08-31,Check,7715
2020-08-31,Colour blocking,1199
2020-08-31,Contrast,846
2020-08-31,Denim,23768
2020-08-31,Dot,1337
2020-08-31,Embroidery,3550
2020-08-31,Front print,1275
2020-08-31,Glittering/Metallic,749
2020-08-31,Hologram,5
2020-08-31,Jacquard,808
2020-08-31,Lace,2563
2020-08-31,Melange,21904
2020-08-31,Mesh,821
2020-08-31,Metallic,343
2020-08-31,Mixed solid/pattern,703
2020-08-31,Neps,60
2020-08-31,Other pattern,221
2020-08-31,Other structure,4645
2020-08-31,Placement print,3266
2020-08-31,Sequin,164
2020-08-31,Slub,54
2020-08-31,Solid,164058
2020-08-31,Stripe,5793
2020-08-31,Transparent,120
2020-08-31,Treatment,1634
2020-09-07,All over pattern,17039
2020-09-07,Application/3D,543
2020-09-07,Argyle,1
2020-09-07,Chambray,46
2020-09-07,Check,7267
2020-09-07,Colour blocking,1145
2020-09-07,Contrast,824
2020-09-07,Denim,20278
2020-09-07,Dot,1320
2020-09-07,Embroidery,2891
2020-09-07,Front print,1085
2020-09-07,Glittering/Metallic,636
2020-09-07,Hologram,2
2020-09-07,Jacquard,1807
2020-09-07,Lace,3326
2020-09-07,Melange,24822
2020-09-07,Mesh,672
2020-09-07,Metallic,302
2020-09-07,Mixed solid/pattern,730
2020-09-07,Neps,59
2020-09-07,Other pattern,246
2020-09-07,Other structure,4316
2020-09-07,Placement print,2809
2020-09-07,Sequin,159
2020-09-07,Slub,66
2020-09-07,Solid,173513
2020-09-07,Stripe,5332
2020-09-07,Transparent,102
2020-09-07,Treatment,2237
2020-09-14,All over pattern,15636
2020-09-14,Application/3D,694
2020-09-14,Argyle,1
2020-09-14,Chambray,53
2020-09-14,Check,6216
2020-09-14,Colour blocking,797
2020-09-14,Contrast,552
2020-09-14,Denim,17674
2020-09-14,Dot,1242
2020-09-14,Embroidery,2677
2020-09-14,Front print,1150
2020-09-14,Glittering/Metallic,538
2020-09-14,Hologram,2
2020-09-14,Jacquard,1423
2020-09-14,Lace,3161
2020-09-14,Melange,18734
2020-09-14,Mesh,607
2020-09-14,Metallic,260
2020-09-14,Mixed solid/pattern,496
2020-09-14,Neps,22
2020-09-14,Other pattern,244
2020-09-14,Other structure,4028
2020-09-14,Placement print,3473
2020-09-14,Sequin,139
2020-09-14,Slub,43
2020-09-14,Solid,144625
2020-09-14,Stripe,4296
2020-09-14,Transparent,94
2020-09-14,Treatment,2432
2020-09-21,All over pattern,4094
2020-09-21,Application/3D,139
2020-09-21,Argyle,1
2020-09-21,Chambray,13
2020-09-21,Check,1770
2020-09-21,Colour blocking,193
2020-09-21,Contrast,139
2020-09-21,Denim,5394
2020-09-21,Dot,337
2020-09-21,Embroidery,809
2020-09-21,Front print,325
2020-09-21,Glittering/Metallic,160
2020-09-21,Jacquard,294
2020-09-21,Lace,912
2020-09-21,Melange,5422
2020-09-21,Mesh,164
2020-09-21,Metallic,57
2020-09-21,Mixed solid/pattern,128
2020-09-21,Neps,8
2020-09-21,Other pattern,50
2020-09-21,Other structure,943
2020-09-21,Placement print,876
2020-09-21,Sequin,31
2020-09-21,Slub,12
2020-09-21,Solid,40901
2020-09-21,Stripe,1210
2020-09-21,Transparent,18
2020-09-21,Treatment,596
